https://www.gurufocus.com/term/gf_value/A/GF-Value;128.42
https://www.gurufocus.com/term/gf_value/AA/GF-Value;24.04
https://www.gurufocus.com/term/gf_value/AAL/GF-Value;20.64
https://www.gurufocus.com/term/gf_value/AAN/GF-Value;0
https://www.gurufocus.com/term/gf_value/AAON/GF-Value;81.54
https://www.gurufocus.com/term/gf_value/AAP/GF-Value;212.46
https://www.gurufocus.com/term/gf_value/AAPL/GF-Value;135.64
https://www.gurufocus.com/term/gf_value/ABBV/GF-Value;124.58
https://www.gurufocus.com/term/gf_value/ABC/GF-Value;134.41
https://www.gurufocus.com/term/gf_value/ABCL/GF-Value;0
https://www.gurufocus.com/term/gf_value/ABG/GF-Value;252.61
https://www.gurufocus.com/term/gf_value/ABMD/GF-Value;520.78
https://www.gurufocus.com/term/gf_value/ABNB/GF-Value;0
https://www.gurufocus.com/term/gf_value/ABT/GF-Value;127.55
https://www.gurufocus.com/term/gf_value/ACAD/GF-Value;97.05
https://www.gurufocus.com/term/gf_value/ACGL/GF-Value;50.87
https://www.gurufocus.com/term/gf_value/ACH/GF-Value;10.94
https://www.gurufocus.com/term/gf_value/ACIW/GF-Value;41.67
https://www.gurufocus.com/term/gf_value/ACM/GF-Value;26.69
https://www.gurufocus.com/term/gf_value/ACMR/GF-Value;175.78
https://www.gurufocus.com/term/gf_value/ACN/GF-Value;345.14
https://www.gurufocus.com/term/gf_value/ADBE/GF-Value;826.24
https://www.gurufocus.com/term/gf_value/ADI/GF-Value;187.36
https://www.gurufocus.com/term/gf_value/ADM/GF-Value;55.82
https://www.gurufocus.com/term/gf_value/ADP/GF-Value;204.83
https://www.gurufocus.com/term/gf_value/ADPT/GF-Value;0
https://www.gurufocus.com/term/gf_value/ADS/GF-Value;75.71
https://www.gurufocus.com/term/gf_value/ADSK/GF-Value;359.9
https://www.gurufocus.com/term/gf_value/ADUS/GF-Value;112.75
https://www.gurufocus.com/term/gf_value/AEE/GF-Value;82.97
https://www.gurufocus.com/term/gf_value/AEIS/GF-Value;110.82
https://www.gurufocus.com/term/gf_value/AEO/GF-Value;23.16
https://www.gurufocus.com/term/gf_value/AERI/GF-Value;53.56
https://www.gurufocus.com/term/gf_value/AES/GF-Value;18.06
https://www.gurufocus.com/term/gf_value/AFG/GF-Value;122.52
https://www.gurufocus.com/term/gf_value/AFL/GF-Value;51.25
https://www.gurufocus.com/term/gf_value/AFMD/GF-Value;4.15
https://www.gurufocus.com/term/gf_value/AFRM/GF-Value;0
https://www.gurufocus.com/term/gf_value/AGCO/GF-Value;105.37
https://www.gurufocus.com/term/gf_value/AGIO/GF-Value;156.58
https://www.gurufocus.com/term/gf_value/AI/GF-Value;0
https://www.gurufocus.com/term/gf_value/AIG/GF-Value;50.03
https://www.gurufocus.com/term/gf_value/AIN/GF-Value;74.07
https://www.gurufocus.com/term/gf_value/AIR/GF-Value;38.27
https://www.gurufocus.com/term/gf_value/AIRC/GF-Value;40.81
https://www.gurufocus.com/term/gf_value/AIT/GF-Value;66.88
https://www.gurufocus.com/term/gf_value/AIV/GF-Value;0
https://www.gurufocus.com/term/gf_value/AIZ/GF-Value;160.35
https://www.gurufocus.com/term/gf_value/AJG/GF-Value;109.59
https://www.gurufocus.com/term/gf_value/AJRD/GF-Value;48.61
https://www.gurufocus.com/term/gf_value/AKAM/GF-Value;130.92
https://www.gurufocus.com/term/gf_value/ALB/GF-Value;116.42
https://www.gurufocus.com/term/gf_value/ALE/GF-Value;54.23
https://www.gurufocus.com/term/gf_value/ALG/GF-Value;185.39
https://www.gurufocus.com/term/gf_value/ALGN/GF-Value;823.41
https://www.gurufocus.com/term/gf_value/ALGT/GF-Value;217.28
https://www.gurufocus.com/term/gf_value/ALIT/GF-Value;0
https://www.gurufocus.com/term/gf_value/ALK/GF-Value;69.26
https://www.gurufocus.com/term/gf_value/ALL/GF-Value;144.14
https://www.gurufocus.com/term/gf_value/ALLE/GF-Value;131.12
https://www.gurufocus.com/term/gf_value/ALLK/GF-Value;0
https://www.gurufocus.com/term/gf_value/ALLO/GF-Value;0
https://www.gurufocus.com/term/gf_value/ALLY/GF-Value;48.53
https://www.gurufocus.com/term/gf_value/ALNY/GF-Value;1141.55
https://www.gurufocus.com/term/gf_value/ALRM/GF-Value;93.52
https://www.gurufocus.com/term/gf_value/ALSN/GF-Value;56.64
https://www.gurufocus.com/term/gf_value/ALTR/GF-Value;55.85
https://www.gurufocus.com/term/gf_value/ALV/GF-Value;111.64
https://www.gurufocus.com/term/gf_value/ALXO/GF-Value;0
https://www.gurufocus.com/term/gf_value/AMAT/GF-Value;106.61
https://www.gurufocus.com/term/gf_value/AMCX/GF-Value;64.77
https://www.gurufocus.com/term/gf_value/AMD/GF-Value;154.16
https://www.gurufocus.com/term/gf_value/AME/GF-Value;118.68
https://www.gurufocus.com/term/gf_value/AMED/GF-Value;247.44
https://www.gurufocus.com/term/gf_value/AMEH/GF-Value;49.66
https://www.gurufocus.com/term/gf_value/AMG/GF-Value;129.54
https://www.gurufocus.com/term/gf_value/AMGN/GF-Value;306.37
https://www.gurufocus.com/term/gf_value/AMH/GF-Value;29.44
https://www.gurufocus.com/term/gf_value/AMN/GF-Value;105.37
https://www.gurufocus.com/term/gf_value/AMP/GF-Value;229.32
https://www.gurufocus.com/term/gf_value/AMSF/GF-Value;50.05
https://www.gurufocus.com/term/gf_value/AMT/GF-Value;337.78
https://www.gurufocus.com/term/gf_value/AMTI/GF-Value;0
https://www.gurufocus.com/term/gf_value/AMWD/GF-Value;136.56
https://www.gurufocus.com/term/gf_value/AMZN/GF-Value;5621.06
https://www.gurufocus.com/term/gf_value/AN/GF-Value;86.06
https://www.gurufocus.com/term/gf_value/ANAB/GF-Value;70.77
https://www.gurufocus.com/term/gf_value/ANDE/GF-Value;38.8
https://www.gurufocus.com/term/gf_value/ANET/GF-Value;112.87
https://www.gurufocus.com/term/gf_value/ANF/GF-Value;23.17
https://www.gurufocus.com/term/gf_value/ANGI/GF-Value;19.67
https://www.gurufocus.com/term/gf_value/ANIK/GF-Value;57.36
https://www.gurufocus.com/term/gf_value/ANIP/GF-Value;45.99
https://www.gurufocus.com/term/gf_value/ANSS/GF-Value;430.8
https://www.gurufocus.com/term/gf_value/ANTM/GF-Value;486.84
https://www.gurufocus.com/term/gf_value/AON/GF-Value;266.01
https://www.gurufocus.com/term/gf_value/AOS/GF-Value;74
https://www.gurufocus.com/term/gf_value/AOUT/GF-Value;0
https://www.gurufocus.com/term/gf_value/APA/GF-Value;22.25
https://www.gurufocus.com/term/gf_value/APD/GF-Value;341.46
https://www.gurufocus.com/term/gf_value/APEI/GF-Value;49.63
https://www.gurufocus.com/term/gf_value/APH/GF-Value;80.43
https://www.gurufocus.com/term/gf_value/APLE/GF-Value;17.59
https://www.gurufocus.com/term/gf_value/APLT/GF-Value;0
https://www.gurufocus.com/term/gf_value/APP/GF-Value;0
https://www.gurufocus.com/term/gf_value/APPF/GF-Value;336.14
https://www.gurufocus.com/term/gf_value/APPH/GF-Value;0
https://www.gurufocus.com/term/gf_value/APPN/GF-Value;84.69
https://www.gurufocus.com/term/gf_value/APPS/GF-Value;123.39
https://www.gurufocus.com/term/gf_value/APTV/GF-Value;139.96
https://www.gurufocus.com/term/gf_value/ARCC/GF-Value;34.56
https://www.gurufocus.com/term/gf_value/ARCT/GF-Value;1332.27
https://www.gurufocus.com/term/gf_value/ARE/GF-Value;213.82
https://www.gurufocus.com/term/gf_value/ARMK/GF-Value;42.24
https://www.gurufocus.com/term/gf_value/ARNA/GF-Value;0.17
https://www.gurufocus.com/term/gf_value/ARNC/GF-Value;0
https://www.gurufocus.com/term/gf_value/ARQT/GF-Value;0
https://www.gurufocus.com/term/gf_value/ARVL/GF-Value;0
https://www.gurufocus.com/term/gf_value/ARVN/GF-Value;143.42
https://www.gurufocus.com/term/gf_value/ARW/GF-Value;115.88
https://www.gurufocus.com/term/gf_value/ARWR/GF-Value;136.78
https://www.gurufocus.com/term/gf_value/ASAN/GF-Value;0
https://www.gurufocus.com/term/gf_value/ASGN/GF-Value;78.36
https://www.gurufocus.com/term/gf_value/ASH/GF-Value;95.45
https://www.gurufocus.com/term/gf_value/ASIX/GF-Value;23.64
https://www.gurufocus.com/term/gf_value/ASO/GF-Value;0
https://www.gurufocus.com/term/gf_value/ASTR/GF-Value;0
https://www.gurufocus.com/term/gf_value/ATEX/GF-Value;7.86
https://www.gurufocus.com/term/gf_value/ATGE/GF-Value;68.5
https://www.gurufocus.com/term/gf_value/ATKR/GF-Value;52.44
https://www.gurufocus.com/term/gf_value/ATNI/GF-Value;94.05
https://www.gurufocus.com/term/gf_value/ATR/GF-Value;138.07
https://www.gurufocus.com/term/gf_value/ATRA/GF-Value;0
https://www.gurufocus.com/term/gf_value/ATRC/GF-Value;65.83
https://www.gurufocus.com/term/gf_value/ATRI/GF-Value;741.81
https://www.gurufocus.com/term/gf_value/ATRO/GF-Value;19.77
https://www.gurufocus.com/term/gf_value/ATUS/GF-Value;42.14
https://www.gurufocus.com/term/gf_value/ATVI/GF-Value;92.43
https://www.gurufocus.com/term/gf_value/AUPH/GF-Value;8167.25
https://www.gurufocus.com/term/gf_value/AVA/GF-Value;33.99
https://www.gurufocus.com/term/gf_value/AVAV/GF-Value;118.45
https://www.gurufocus.com/term/gf_value/AVB/GF-Value;141.56
https://www.gurufocus.com/term/gf_value/AVGO/GF-Value;461.81
https://www.gurufocus.com/term/gf_value/AVIR/GF-Value;0
https://www.gurufocus.com/term/gf_value/AVLR/GF-Value;221.75
https://www.gurufocus.com/term/gf_value/AVNS/GF-Value;48.59
https://www.gurufocus.com/term/gf_value/AVNT/GF-Value;50.7
https://www.gurufocus.com/term/gf_value/AVT/GF-Value;49.22
https://www.gurufocus.com/term/gf_value/AVTR/GF-Value;28.57
https://www.gurufocus.com/term/gf_value/AVY/GF-Value;167.72
https://www.gurufocus.com/term/gf_value/AWH/GF-Value;1.92
https://www.gurufocus.com/term/gf_value/AWI/GF-Value;127.12
https://www.gurufocus.com/term/gf_value/AWK/GF-Value;149.94
https://www.gurufocus.com/term/gf_value/AWR/GF-Value;94.55
https://www.gurufocus.com/term/gf_value/AX/GF-Value;69.65
https://www.gurufocus.com/term/gf_value/AXGN/GF-Value;23.38
https://www.gurufocus.com/term/gf_value/AXON/GF-Value;266.79
https://www.gurufocus.com/term/gf_value/AXP/GF-Value;166.4
https://www.gurufocus.com/term/gf_value/AXSM/GF-Value;0
https://www.gurufocus.com/term/gf_value/AYI/GF-Value;165.16
https://www.gurufocus.com/term/gf_value/AYX/GF-Value;204.18
https://www.gurufocus.com/term/gf_value/AZEK/GF-Value;0
https://www.gurufocus.com/term/gf_value/AZN/GF-Value;80.26
https://www.gurufocus.com/term/gf_value/AZO/GF-Value;1875.91
https://www.gurufocus.com/term/gf_value/AZPN/GF-Value;169.04
https://www.gurufocus.com/term/gf_value/AZTA/GF-Value;153.39
https://www.gurufocus.com/term/gf_value/BA/GF-Value;333.77
https://www.gurufocus.com/term/gf_value/BABA/GF-Value;526.49
https://www.gurufocus.com/term/gf_value/BAC/GF-Value;38.11
https://www.gurufocus.com/term/gf_value/BAH/GF-Value;100.94
https://www.gurufocus.com/term/gf_value/BAND/GF-Value;179.35
https://www.gurufocus.com/term/gf_value/BAX/GF-Value;101.61
https://www.gurufocus.com/term/gf_value/BBBY/GF-Value;13.2
https://www.gurufocus.com/term/gf_value/BBIO/GF-Value;0
https://www.gurufocus.com/term/gf_value/BBSI/GF-Value;82.86
https://www.gurufocus.com/term/gf_value/BBWI/GF-Value;14.72
https://www.gurufocus.com/term/gf_value/BBY/GF-Value;111.23
https://www.gurufocus.com/term/gf_value/BC/GF-Value;110.19
https://www.gurufocus.com/term/gf_value/BCO/GF-Value;99.88
https://www.gurufocus.com/term/gf_value/BCPC/GF-Value;132.23
https://www.gurufocus.com/term/gf_value/BDC/GF-Value;59.94
https://www.gurufocus.com/term/gf_value/BDTX/GF-Value;0
https://www.gurufocus.com/term/gf_value/BDX/GF-Value;295.04
https://www.gurufocus.com/term/gf_value/BEAM/GF-Value;0
https://www.gurufocus.com/term/gf_value/BECN/GF-Value;23.9
https://www.gurufocus.com/term/gf_value/BEN/GF-Value;33.81
https://www.gurufocus.com/term/gf_value/BERY/GF-Value;68.88
https://www.gurufocus.com/term/gf_value/BF.B/GF-Value;82.86
https://www.gurufocus.com/term/gf_value/BFAM/GF-Value;102.49
https://www.gurufocus.com/term/gf_value/BGS/GF-Value;31.45
https://www.gurufocus.com/term/gf_value/BH/GF-Value;25.53
https://www.gurufocus.com/term/gf_value/BHF/GF-Value;55.94
https://www.gurufocus.com/term/gf_value/BIDU/GF-Value;205.09
https://www.gurufocus.com/term/gf_value/BIG/GF-Value;64.52
https://www.gurufocus.com/term/gf_value/BIGC/GF-Value;0
https://www.gurufocus.com/term/gf_value/BIIB/GF-Value;247.41
https://www.gurufocus.com/term/gf_value/BILI/GF-Value;141.15
https://www.gurufocus.com/term/gf_value/BILL/GF-Value;0
https://www.gurufocus.com/term/gf_value/BIO/GF-Value;570
https://www.gurufocus.com/term/gf_value/BJ/GF-Value;48.86
https://www.gurufocus.com/term/gf_value/BJRI/GF-Value;47.23
https://www.gurufocus.com/term/gf_value/BK/GF-Value;58.82
https://www.gurufocus.com/term/gf_value/BKI/GF-Value;84.39
https://www.gurufocus.com/term/gf_value/BKNG/GF-Value;2734.55
https://www.gurufocus.com/term/gf_value/BKR/GF-Value;13.33
https://www.gurufocus.com/term/gf_value/BKU/GF-Value;35.43
https://www.gurufocus.com/term/gf_value/BL/GF-Value;137.01
https://www.gurufocus.com/term/gf_value/BLD/GF-Value;218.11
https://www.gurufocus.com/term/gf_value/BLDR/GF-Value;33.8
https://www.gurufocus.com/term/gf_value/BLI/GF-Value;0
https://www.gurufocus.com/term/gf_value/BLK/GF-Value;859.82
https://www.gurufocus.com/term/gf_value/BLKB/GF-Value;86.86
https://www.gurufocus.com/term/gf_value/BLL/GF-Value;110.99
https://www.gurufocus.com/term/gf_value/BLMN/GF-Value;19.06
https://www.gurufocus.com/term/gf_value/BLNK/GF-Value;64.61
https://www.gurufocus.com/term/gf_value/BLUE/GF-Value;200.21
https://www.gurufocus.com/term/gf_value/BMI/GF-Value;76.56
https://www.gurufocus.com/term/gf_value/BMRN/GF-Value;152.83
https://www.gurufocus.com/term/gf_value/BMY/GF-Value;80.36
https://www.gurufocus.com/term/gf_value/BNGO/GF-Value;0.93
https://www.gurufocus.com/term/gf_value/BOH/GF-Value;99.14
https://www.gurufocus.com/term/gf_value/BOKF/GF-Value;88.48
https://www.gurufocus.com/term/gf_value/BOOT/GF-Value;61.17
https://www.gurufocus.com/term/gf_value/BOX/GF-Value;27.72
https://www.gurufocus.com/term/gf_value/BPMC/GF-Value;1045.7
https://www.gurufocus.com/term/gf_value/BR/GF-Value;173.73
https://www.gurufocus.com/term/gf_value/BRC/GF-Value;51.12
https://www.gurufocus.com/term/gf_value/BRK.B/GF-Value;261.47
https://www.gurufocus.com/term/gf_value/BRKR/GF-Value;68.37
https://www.gurufocus.com/term/gf_value/BRO/GF-Value;59.39
https://www.gurufocus.com/term/gf_value/BRX/GF-Value;13.48
https://www.gurufocus.com/term/gf_value/BSX/GF-Value;57.66
https://www.gurufocus.com/term/gf_value/BSY/GF-Value;0
https://www.gurufocus.com/term/gf_value/BTAI/GF-Value;0
https://www.gurufocus.com/term/gf_value/BTI/GF-Value;45.28
https://www.gurufocus.com/term/gf_value/BUD/GF-Value;83.08
https://www.gurufocus.com/term/gf_value/BURL/GF-Value;333.01
https://www.gurufocus.com/term/gf_value/BWA/GF-Value;64.89
https://www.gurufocus.com/term/gf_value/BWXT/GF-Value;69.18
https://www.gurufocus.com/term/gf_value/BX/GF-Value;129.24
https://www.gurufocus.com/term/gf_value/BXP/GF-Value;132.62
https://www.gurufocus.com/term/gf_value/BYND/GF-Value;252.77
https://www.gurufocus.com/term/gf_value/BYSI/GF-Value;0
https://www.gurufocus.com/term/gf_value/BZUN/GF-Value;52.06
https://www.gurufocus.com/term/gf_value/C/GF-Value;73.88
https://www.gurufocus.com/term/gf_value/CABO/GF-Value;2887.27
https://www.gurufocus.com/term/gf_value/CACC/GF-Value;667.97
https://www.gurufocus.com/term/gf_value/CACI/GF-Value;394.17
https://www.gurufocus.com/term/gf_value/CAG/GF-Value;36.45
https://www.gurufocus.com/term/gf_value/CAH/GF-Value;68.17
https://www.gurufocus.com/term/gf_value/CALM/GF-Value;35.02
https://www.gurufocus.com/term/gf_value/CARA/GF-Value;90
https://www.gurufocus.com/term/gf_value/CARG/GF-Value;76.65
https://www.gurufocus.com/term/gf_value/CARR/GF-Value;0
https://www.gurufocus.com/term/gf_value/CARS/GF-Value;13.25
https://www.gurufocus.com/term/gf_value/CASY/GF-Value;236.77
https://www.gurufocus.com/term/gf_value/CAT/GF-Value;171.04
https://www.gurufocus.com/term/gf_value/CB/GF-Value;238.62
https://www.gurufocus.com/term/gf_value/CBRE/GF-Value;79.74
https://www.gurufocus.com/term/gf_value/CBRL/GF-Value;181.71
https://www.gurufocus.com/term/gf_value/CBSH/GF-Value;77
https://www.gurufocus.com/term/gf_value/CBU/GF-Value;67.86
https://www.gurufocus.com/term/gf_value/CC/GF-Value;31.04
https://www.gurufocus.com/term/gf_value/CCI/GF-Value;194.3
https://www.gurufocus.com/term/gf_value/CCJ/GF-Value;8.91
https://www.gurufocus.com/term/gf_value/CCK/GF-Value;84.05
https://www.gurufocus.com/term/gf_value/CCL/GF-Value;37.79
https://www.gurufocus.com/term/gf_value/CCMP/GF-Value;184.4
https://www.gurufocus.com/term/gf_value/CCOI/GF-Value;80.43
https://www.gurufocus.com/term/gf_value/CCSI/GF-Value;0
https://www.gurufocus.com/term/gf_value/CCXI/GF-Value;148.49
https://www.gurufocus.com/term/gf_value/CDK/GF-Value;58.44
https://www.gurufocus.com/term/gf_value/CDLX/GF-Value;93.76
https://www.gurufocus.com/term/gf_value/CDNA/GF-Value;85.43
https://www.gurufocus.com/term/gf_value/CDNS/GF-Value;132.94
https://www.gurufocus.com/term/gf_value/CDW/GF-Value;170.8
https://www.gurufocus.com/term/gf_value/CE/GF-Value;184.84
https://www.gurufocus.com/term/gf_value/CEA/GF-Value;37.35
https://www.gurufocus.com/term/gf_value/CENT/GF-Value;77.16
https://www.gurufocus.com/term/gf_value/CENTA/GF-Value;69.13
https://www.gurufocus.com/term/gf_value/CERN/GF-Value;88.83
https://www.gurufocus.com/term/gf_value/CEVA/GF-Value;51.74
https://www.gurufocus.com/term/gf_value/CF/GF-Value;59.74
https://www.gurufocus.com/term/gf_value/CFG/GF-Value;49.03
https://www.gurufocus.com/term/gf_value/CFLT/GF-Value;0
https://www.gurufocus.com/term/gf_value/CFR/GF-Value;106.79
https://www.gurufocus.com/term/gf_value/CFX/GF-Value;42
https://www.gurufocus.com/term/gf_value/CGEN/GF-Value;0
https://www.gurufocus.com/term/gf_value/CGNT/GF-Value;0
https://www.gurufocus.com/term/gf_value/CGNX/GF-Value;99.48
https://www.gurufocus.com/term/gf_value/CHCO/GF-Value;82.06
https://www.gurufocus.com/term/gf_value/CHD/GF-Value;99.08
https://www.gurufocus.com/term/gf_value/CHDN/GF-Value;284.69
https://www.gurufocus.com/term/gf_value/CHE/GF-Value;522.43
https://www.gurufocus.com/term/gf_value/CHEF/GF-Value;39.69
https://www.gurufocus.com/term/gf_value/CHGG/GF-Value;78.81
https://www.gurufocus.com/term/gf_value/CHH/GF-Value;64.44
https://www.gurufocus.com/term/gf_value/CHKP/GF-Value;149.62
https://www.gurufocus.com/term/gf_value/CHNG/GF-Value;0
https://www.gurufocus.com/term/gf_value/CHPT/GF-Value;0
https://www.gurufocus.com/term/gf_value/CHRW/GF-Value;115.74
https://www.gurufocus.com/term/gf_value/CHTR/GF-Value;808.1
https://www.gurufocus.com/term/gf_value/CHWY/GF-Value;108.8
https://www.gurufocus.com/term/gf_value/CHX/GF-Value;27.17
https://www.gurufocus.com/term/gf_value/CI/GF-Value;298.84
https://www.gurufocus.com/term/gf_value/CIEN/GF-Value;50.86
https://www.gurufocus.com/term/gf_value/CINF/GF-Value;105.81
https://www.gurufocus.com/term/gf_value/CL/GF-Value;89.84
https://www.gurufocus.com/term/gf_value/CLDR/GF-Value;10.3
https://www.gurufocus.com/term/gf_value/CLDT/GF-Value;3.77
https://www.gurufocus.com/term/gf_value/CLF/GF-Value;37.12
https://www.gurufocus.com/term/gf_value/CLH/GF-Value;107.52
https://www.gurufocus.com/term/gf_value/CLOV/GF-Value;0
https://www.gurufocus.com/term/gf_value/CLR/GF-Value;47.16
https://www.gurufocus.com/term/gf_value/CLSK/GF-Value;111.98
https://www.gurufocus.com/term/gf_value/CLX/GF-Value;199.43
https://www.gurufocus.com/term/gf_value/CMA/GF-Value;87.32
https://www.gurufocus.com/term/gf_value/CMC/GF-Value;25.02
https://www.gurufocus.com/term/gf_value/CMCO/GF-Value;37.73
https://www.gurufocus.com/term/gf_value/CMCSA/GF-Value;57.58
https://www.gurufocus.com/term/gf_value/CME/GF-Value;214.77
https://www.gurufocus.com/term/gf_value/CMG/GF-Value;1640.75
https://www.gurufocus.com/term/gf_value/CMI/GF-Value;227.46
https://www.gurufocus.com/term/gf_value/CMP/GF-Value;67.8
https://www.gurufocus.com/term/gf_value/CMS/GF-Value;57.89
https://www.gurufocus.com/term/gf_value/CNC/GF-Value;82.15
https://www.gurufocus.com/term/gf_value/CNI/GF-Value;115.4
https://www.gurufocus.com/term/gf_value/CNK/GF-Value;36.44
https://www.gurufocus.com/term/gf_value/CNMD/GF-Value;117.61
https://www.gurufocus.com/term/gf_value/CNP/GF-Value;25.51
https://www.gurufocus.com/term/gf_value/CNS/GF-Value;99.96
https://www.gurufocus.com/term/gf_value/CNX/GF-Value;12.07
https://www.gurufocus.com/term/gf_value/CNXC/GF-Value;0
https://www.gurufocus.com/term/gf_value/CNXN/GF-Value;38.93
https://www.gurufocus.com/term/gf_value/COF/GF-Value;121.68
https://www.gurufocus.com/term/gf_value/COFS/GF-Value;48.39
https://www.gurufocus.com/term/gf_value/COHR/GF-Value;166.46
https://www.gurufocus.com/term/gf_value/COIN/GF-Value;0
https://www.gurufocus.com/term/gf_value/COKE/GF-Value;522.38
https://www.gurufocus.com/term/gf_value/COLD/GF-Value;37.65
https://www.gurufocus.com/term/gf_value/COLM/GF-Value;125.69
https://www.gurufocus.com/term/gf_value/CONE/GF-Value;86.01
https://www.gurufocus.com/term/gf_value/COO/GF-Value;417.36
https://www.gurufocus.com/term/gf_value/COP/GF-Value;49.13
https://www.gurufocus.com/term/gf_value/COR/GF-Value;0
https://www.gurufocus.com/term/gf_value/CORR/GF-Value;12.38
https://www.gurufocus.com/term/gf_value/CORT/GF-Value;25.27
https://www.gurufocus.com/term/gf_value/COST/GF-Value;514.92
https://www.gurufocus.com/term/gf_value/COTY/GF-Value;9.65
https://www.gurufocus.com/term/gf_value/COUP/GF-Value;402.62
https://www.gurufocus.com/term/gf_value/COUR/GF-Value;0
https://www.gurufocus.com/term/gf_value/COWN/GF-Value;27.01
https://www.gurufocus.com/term/gf_value/CPB/GF-Value;48.86
https://www.gurufocus.com/term/gf_value/CPNG/GF-Value;0
https://www.gurufocus.com/term/gf_value/CPRI/GF-Value;46.46
https://www.gurufocus.com/term/gf_value/CPRT/GF-Value;150.29
https://www.gurufocus.com/term/gf_value/CPS/GF-Value;32.11
https://www.gurufocus.com/term/gf_value/CPT/GF-Value;123.32
https://www.gurufocus.com/term/gf_value/CR/GF-Value;94.1
https://www.gurufocus.com/term/gf_value/CRI/GF-Value;104.89
https://www.gurufocus.com/term/gf_value/CRL/GF-Value;269.35
https://www.gurufocus.com/term/gf_value/CRM/GF-Value;355.6
https://www.gurufocus.com/term/gf_value/CRMT/GF-Value;155.13
https://www.gurufocus.com/term/gf_value/CRNC/GF-Value;0
https://www.gurufocus.com/term/gf_value/CROX/GF-Value;128.47
https://www.gurufocus.com/term/gf_value/CRS/GF-Value;36.59
https://www.gurufocus.com/term/gf_value/CRSP/GF-Value;199.7
https://www.gurufocus.com/term/gf_value/CRSR/GF-Value;0
https://www.gurufocus.com/term/gf_value/CRTX/GF-Value;0
https://www.gurufocus.com/term/gf_value/CRUS/GF-Value;91.21
https://www.gurufocus.com/term/gf_value/CRVL/GF-Value;91.59
https://www.gurufocus.com/term/gf_value/CRWD/GF-Value;496.87
https://www.gurufocus.com/term/gf_value/CSCO/GF-Value;56.13
https://www.gurufocus.com/term/gf_value/CSGP/GF-Value;115.84
https://www.gurufocus.com/term/gf_value/CSGS/GF-Value;69.22
https://www.gurufocus.com/term/gf_value/CSII/GF-Value;45.99
https://www.gurufocus.com/term/gf_value/CSL/GF-Value;206.62
https://www.gurufocus.com/term/gf_value/CSOD/GF-Value;0
https://www.gurufocus.com/term/gf_value/CSWI/GF-Value;125.26
https://www.gurufocus.com/term/gf_value/CSX/GF-Value;33.04
https://www.gurufocus.com/term/gf_value/CTAS/GF-Value;386.33
https://www.gurufocus.com/term/gf_value/CTLT/GF-Value;114.96
https://www.gurufocus.com/term/gf_value/CTRA/GF-Value;64.82
https://www.gurufocus.com/term/gf_value/CTSH/GF-Value;90.32
https://www.gurufocus.com/term/gf_value/CTVA/GF-Value;0
https://www.gurufocus.com/term/gf_value/CTXS/GF-Value;140.99
https://www.gurufocus.com/term/gf_value/CUBE/GF-Value;45.91
https://www.gurufocus.com/term/gf_value/CVCO/GF-Value;312.79
https://www.gurufocus.com/term/gf_value/CVET/GF-Value;24.32
https://www.gurufocus.com/term/gf_value/CVGW/GF-Value;83.01
https://www.gurufocus.com/term/gf_value/CVLT/GF-Value;59.2
https://www.gurufocus.com/term/gf_value/CVM/GF-Value;0
https://www.gurufocus.com/term/gf_value/CVNA/GF-Value;223.26
https://www.gurufocus.com/term/gf_value/CVS/GF-Value;82.79
https://www.gurufocus.com/term/gf_value/CVX/GF-Value;144.03
https://www.gurufocus.com/term/gf_value/CW/GF-Value;137.39
https://www.gurufocus.com/term/gf_value/CWST/GF-Value;66.02
https://www.gurufocus.com/term/gf_value/CWT/GF-Value;61.75
https://www.gurufocus.com/term/gf_value/CYBR/GF-Value;239.54
https://www.gurufocus.com/term/gf_value/D/GF-Value;85.99
https://www.gurufocus.com/term/gf_value/DAL/GF-Value;62.58
https://www.gurufocus.com/term/gf_value/DAR/GF-Value;40.85
https://www.gurufocus.com/term/gf_value/DASH/GF-Value;0
https://www.gurufocus.com/term/gf_value/DBX/GF-Value;34.23
https://www.gurufocus.com/term/gf_value/DCI/GF-Value;65.43
https://www.gurufocus.com/term/gf_value/DCPH/GF-Value;0
https://www.gurufocus.com/term/gf_value/DD/GF-Value;81.38
https://www.gurufocus.com/term/gf_value/DDD/GF-Value;6.77
https://www.gurufocus.com/term/gf_value/DDOG/GF-Value;0
https://www.gurufocus.com/term/gf_value/DDS/GF-Value;81.1
https://www.gurufocus.com/term/gf_value/DE/GF-Value;270.05
https://www.gurufocus.com/term/gf_value/DECK/GF-Value;366.37
https://www.gurufocus.com/term/gf_value/DELL/GF-Value;34.68
https://www.gurufocus.com/term/gf_value/DFS/GF-Value;105.6
https://www.gurufocus.com/term/gf_value/DG/GF-Value;258.89
https://www.gurufocus.com/term/gf_value/DGX/GF-Value;134.21
https://www.gurufocus.com/term/gf_value/DHI/GF-Value;151.78
https://www.gurufocus.com/term/gf_value/DHR/GF-Value;308.36
https://www.gurufocus.com/term/gf_value/DIOD/GF-Value;88.74
https://www.gurufocus.com/term/gf_value/DIS/GF-Value;188.38
https://www.gurufocus.com/term/gf_value/DISCA/GF-Value;35.44
https://www.gurufocus.com/term/gf_value/DISCB/GF-Value;70.03
https://www.gurufocus.com/term/gf_value/DISCK/GF-Value;33.89
https://www.gurufocus.com/term/gf_value/DISH/GF-Value;44.93
https://www.gurufocus.com/term/gf_value/DK/GF-Value;3.99
https://www.gurufocus.com/term/gf_value/DKNG/GF-Value;0
https://www.gurufocus.com/term/gf_value/DKS/GF-Value;46.93
https://www.gurufocus.com/term/gf_value/DLB/GF-Value;98.33
https://www.gurufocus.com/term/gf_value/DLO/GF-Value;0
https://www.gurufocus.com/term/gf_value/DLR/GF-Value;153.56
https://www.gurufocus.com/term/gf_value/DLTH/GF-Value;20.02
https://www.gurufocus.com/term/gf_value/DLTR/GF-Value;130.81
https://www.gurufocus.com/term/gf_value/DLX/GF-Value;50.44
https://www.gurufocus.com/term/gf_value/DM/GF-Value;0
https://www.gurufocus.com/term/gf_value/DMTK/GF-Value;0
https://www.gurufocus.com/term/gf_value/DNB/GF-Value;0
https://www.gurufocus.com/term/gf_value/DNLI/GF-Value;23.51
https://www.gurufocus.com/term/gf_value/DNMR/GF-Value;0
https://www.gurufocus.com/term/gf_value/DNOW/GF-Value;2.91
https://www.gurufocus.com/term/gf_value/DOCN/GF-Value;0
https://www.gurufocus.com/term/gf_value/DOCS/GF-Value;0
https://www.gurufocus.com/term/gf_value/DOCU/GF-Value;401.15
https://www.gurufocus.com/term/gf_value/DORM/GF-Value;135.05
https://www.gurufocus.com/term/gf_value/DOV/GF-Value;142.45
https://www.gurufocus.com/term/gf_value/DOW/GF-Value;59.8
https://www.gurufocus.com/term/gf_value/DPZ/GF-Value;513.09
https://www.gurufocus.com/term/gf_value/DRE/GF-Value;43.39
https://www.gurufocus.com/term/gf_value/DRI/GF-Value;147.73
https://www.gurufocus.com/term/gf_value/DRNA/GF-Value;0
https://www.gurufocus.com/term/gf_value/DRQ/GF-Value;36.21
https://www.gurufocus.com/term/gf_value/DT/GF-Value;0
https://www.gurufocus.com/term/gf_value/DV/GF-Value;0
https://www.gurufocus.com/term/gf_value/DVA/GF-Value;110.13
https://www.gurufocus.com/term/gf_value/DVN/GF-Value;23.5
https://www.gurufocus.com/term/gf_value/DXC/GF-Value;30.08
https://www.gurufocus.com/term/gf_value/DXCM/GF-Value;621.99
https://www.gurufocus.com/term/gf_value/DY/GF-Value;57.37
https://www.gurufocus.com/term/gf_value/EA/GF-Value;209.28
https://www.gurufocus.com/term/gf_value/EAR/GF-Value;0
https://www.gurufocus.com/term/gf_value/EAT/GF-Value;50.72
https://www.gurufocus.com/term/gf_value/EBAY/GF-Value;70.95
https://www.gurufocus.com/term/gf_value/EBS/GF-Value;91.25
https://www.gurufocus.com/term/gf_value/ECHO/GF-Value;36.4
https://www.gurufocus.com/term/gf_value/ECL/GF-Value;242.4
https://www.gurufocus.com/term/gf_value/ECPG/GF-Value;32.62
https://www.gurufocus.com/term/gf_value/ED/GF-Value;79.61
https://www.gurufocus.com/term/gf_value/EDIT/GF-Value;63.37
https://www.gurufocus.com/term/gf_value/EEFT/GF-Value;194.68
https://www.gurufocus.com/term/gf_value/EFX/GF-Value;240.07
https://www.gurufocus.com/term/gf_value/EGHT/GF-Value;34.34
https://www.gurufocus.com/term/gf_value/EGP/GF-Value;176.7
https://www.gurufocus.com/term/gf_value/EGRX/GF-Value;68.18
https://www.gurufocus.com/term/gf_value/EHTH/GF-Value;109.02
https://www.gurufocus.com/term/gf_value/EIX/GF-Value;65.13
https://www.gurufocus.com/term/gf_value/EL/GF-Value;293.14
https://www.gurufocus.com/term/gf_value/ELAN/GF-Value;36.83
https://www.gurufocus.com/term/gf_value/ELS/GF-Value;55.97
https://www.gurufocus.com/term/gf_value/EME/GF-Value;129.94
https://www.gurufocus.com/term/gf_value/EMN/GF-Value;84.59
https://www.gurufocus.com/term/gf_value/EMR/GF-Value;87.58
https://www.gurufocus.com/term/gf_value/ENDP/GF-Value;4.15
https://www.gurufocus.com/term/gf_value/ENPH/GF-Value;221.73
https://www.gurufocus.com/term/gf_value/ENR/GF-Value;52.71
https://www.gurufocus.com/term/gf_value/ENS/GF-Value;85.87
https://www.gurufocus.com/term/gf_value/ENTA/GF-Value;58.98
https://www.gurufocus.com/term/gf_value/ENTG/GF-Value;99.4
https://www.gurufocus.com/term/gf_value/ENV/GF-Value;113.25
https://www.gurufocus.com/term/gf_value/EOG/GF-Value;86.48
https://www.gurufocus.com/term/gf_value/EPAM/GF-Value;732.51
https://www.gurufocus.com/term/gf_value/EPAY/GF-Value;59.77
https://www.gurufocus.com/term/gf_value/EPC/GF-Value;35.32
https://www.gurufocus.com/term/gf_value/EQIX/GF-Value;845.31
https://www.gurufocus.com/term/gf_value/EQT/GF-Value;21.74
https://www.gurufocus.com/term/gf_value/ERIE/GF-Value;358.98
https://www.gurufocus.com/term/gf_value/ES/GF-Value;89.64
https://www.gurufocus.com/term/gf_value/ESE/GF-Value;89.7
https://www.gurufocus.com/term/gf_value/ESPR/GF-Value;149.16
https://www.gurufocus.com/term/gf_value/ESS/GF-Value;317.43
https://www.gurufocus.com/term/gf_value/ET/GF-Value;8.08
https://www.gurufocus.com/term/gf_value/ETN/GF-Value;99.05
https://www.gurufocus.com/term/gf_value/ETR/GF-Value;102.39
https://www.gurufocus.com/term/gf_value/ETRN/GF-Value;7.96
https://www.gurufocus.com/term/gf_value/ETSY/GF-Value;322.27
https://www.gurufocus.com/term/gf_value/EVBG/GF-Value;235.65
https://www.gurufocus.com/term/gf_value/EVER/GF-Value;56.52
https://www.gurufocus.com/term/gf_value/EVH/GF-Value;15.72
https://www.gurufocus.com/term/gf_value/EVR/GF-Value;133.35
https://www.gurufocus.com/term/gf_value/EVRG/GF-Value;65.88
https://www.gurufocus.com/term/gf_value/EW/GF-Value;133.44
https://www.gurufocus.com/term/gf_value/EWBC/GF-Value;68.57
https://www.gurufocus.com/term/gf_value/EXAS/GF-Value;205.3
https://www.gurufocus.com/term/gf_value/EXC/GF-Value;33.67
https://www.gurufocus.com/term/gf_value/EXEL/GF-Value;46.46
https://www.gurufocus.com/term/gf_value/EXLS/GF-Value;90.55
https://www.gurufocus.com/term/gf_value/EXP/GF-Value;180.14
https://www.gurufocus.com/term/gf_value/EXPD/GF-Value;142.27
https://www.gurufocus.com/term/gf_value/EXPE/GF-Value;138.78
https://www.gurufocus.com/term/gf_value/EXPI/GF-Value;59.15
https://www.gurufocus.com/term/gf_value/EXPO/GF-Value;103.39
https://www.gurufocus.com/term/gf_value/EXR/GF-Value;122.31
https://www.gurufocus.com/term/gf_value/EYE/GF-Value;42.33
https://www.gurufocus.com/term/gf_value/F/GF-Value;10.07
https://www.gurufocus.com/term/gf_value/FANG/GF-Value;141.68
https://www.gurufocus.com/term/gf_value/FARO/GF-Value;57.15
https://www.gurufocus.com/term/gf_value/FAST/GF-Value;49.92
https://www.gurufocus.com/term/gf_value/FATE/GF-Value;127.72
https://www.gurufocus.com/term/gf_value/FB/GF-Value;590.86
https://www.gurufocus.com/term/gf_value/FBHS/GF-Value;91.22
https://www.gurufocus.com/term/gf_value/FCFS/GF-Value;88.72
https://www.gurufocus.com/term/gf_value/FCN/GF-Value;235.82
https://www.gurufocus.com/term/gf_value/FCNCA/GF-Value;1200.99
https://www.gurufocus.com/term/gf_value/FCX/GF-Value;16.43
https://www.gurufocus.com/term/gf_value/FDS/GF-Value;415.69
https://www.gurufocus.com/term/gf_value/FDX/GF-Value;270.47
https://www.gurufocus.com/term/gf_value/FELE/GF-Value;76.98
https://www.gurufocus.com/term/gf_value/FFIN/GF-Value;65.29
https://www.gurufocus.com/term/gf_value/FFIV/GF-Value;209.04
https://www.gurufocus.com/term/gf_value/FGEN/GF-Value;46.01
https://www.gurufocus.com/term/gf_value/FICO/GF-Value;503.6
https://www.gurufocus.com/term/gf_value/FIGS/GF-Value;0
https://www.gurufocus.com/term/gf_value/FIS/GF-Value;152.73
https://www.gurufocus.com/term/gf_value/FISV/GF-Value;143.8
https://www.gurufocus.com/term/gf_value/FITB/GF-Value;36.79
https://www.gurufocus.com/term/gf_value/FIVN/GF-Value;243.64
https://www.gurufocus.com/term/gf_value/FIZZ/GF-Value;41.61
https://www.gurufocus.com/term/gf_value/FL/GF-Value;53.68
https://www.gurufocus.com/term/gf_value/FLGT/GF-Value;37.8
https://www.gurufocus.com/term/gf_value/FLO/GF-Value;27.69
https://www.gurufocus.com/term/gf_value/FLOW/GF-Value;50.68
https://www.gurufocus.com/term/gf_value/FLR/GF-Value;16.88
https://www.gurufocus.com/term/gf_value/FLS/GF-Value;44.06
https://www.gurufocus.com/term/gf_value/FLT/GF-Value;358.1
https://www.gurufocus.com/term/gf_value/FLWS/GF-Value;39.51
https://www.gurufocus.com/term/gf_value/FMC/GF-Value;121.31
https://www.gurufocus.com/term/gf_value/FND/GF-Value;129.56
https://www.gurufocus.com/term/gf_value/FNF/GF-Value;50.03
https://www.gurufocus.com/term/gf_value/FNKO/GF-Value;36.75
https://www.gurufocus.com/term/gf_value/FOCS/GF-Value;64.29
https://www.gurufocus.com/term/gf_value/FOE/GF-Value;18.76
https://www.gurufocus.com/term/gf_value/FOLD/GF-Value;29.16
https://www.gurufocus.com/term/gf_value/FORM/GF-Value;41.58
https://www.gurufocus.com/term/gf_value/FORR/GF-Value;50.25
https://www.gurufocus.com/term/gf_value/FOX/GF-Value;40.46
https://www.gurufocus.com/term/gf_value/FOXA/GF-Value;43.71
https://www.gurufocus.com/term/gf_value/FOXF/GF-Value;273.8
https://www.gurufocus.com/term/gf_value/FR/GF-Value;46.45
https://www.gurufocus.com/term/gf_value/FRHC/GF-Value;97.14
https://www.gurufocus.com/term/gf_value/FROG/GF-Value;0
https://www.gurufocus.com/term/gf_value/FRPH/GF-Value;122.29
https://www.gurufocus.com/term/gf_value/FRPT/GF-Value;181.52
https://www.gurufocus.com/term/gf_value/FSLR/GF-Value;98.02
https://www.gurufocus.com/term/gf_value/FSLY/GF-Value;65.33
https://www.gurufocus.com/term/gf_value/FTCH/GF-Value;63.04
https://www.gurufocus.com/term/gf_value/FTCI/GF-Value;0
https://www.gurufocus.com/term/gf_value/FTDR/GF-Value;59.54
https://www.gurufocus.com/term/gf_value/FTI/GF-Value;5.74
https://www.gurufocus.com/term/gf_value/FTNT/GF-Value;248.04
https://www.gurufocus.com/term/gf_value/FTV/GF-Value;88.62
https://www.gurufocus.com/term/gf_value/FUL/GF-Value;59.2
https://www.gurufocus.com/term/gf_value/FULC/GF-Value;0
https://www.gurufocus.com/term/gf_value/FWRD/GF-Value;114.76
https://www.gurufocus.com/term/gf_value/GATX/GF-Value;88.87
https://www.gurufocus.com/term/gf_value/GBCI/GF-Value;82.86
https://www.gurufocus.com/term/gf_value/GBT/GF-Value;0
https://www.gurufocus.com/term/gf_value/GBX/GF-Value;29.61
https://www.gurufocus.com/term/gf_value/GCO/GF-Value;60.22
https://www.gurufocus.com/term/gf_value/GCP/GF-Value;24.22
https://www.gurufocus.com/term/gf_value/GD/GF-Value;208.9
https://www.gurufocus.com/term/gf_value/GDDY/GF-Value;104.18
https://www.gurufocus.com/term/gf_value/GDEV/GF-Value;0
https://www.gurufocus.com/term/gf_value/GDOT/GF-Value;81.79
https://www.gurufocus.com/term/gf_value/GDRX/GF-Value;0
https://www.gurufocus.com/term/gf_value/GE/GF-Value;67.96
https://www.gurufocus.com/term/gf_value/GEF/GF-Value;97.3
https://www.gurufocus.com/term/gf_value/GEVO/GF-Value;0
https://www.gurufocus.com/term/gf_value/GGG/GF-Value;69.4
https://www.gurufocus.com/term/gf_value/GH/GF-Value;338.22
https://www.gurufocus.com/term/gf_value/GHC/GF-Value;904.09
https://www.gurufocus.com/term/gf_value/GILD/GF-Value;77.17
https://www.gurufocus.com/term/gf_value/GIS/GF-Value;61.07
https://www.gurufocus.com/term/gf_value/GKOS/GF-Value;62.45
https://www.gurufocus.com/term/gf_value/GL/GF-Value;118.17
https://www.gurufocus.com/term/gf_value/GLBE/GF-Value;0
https://www.gurufocus.com/term/gf_value/GLOB/GF-Value;447
https://www.gurufocus.com/term/gf_value/GLPI/GF-Value;40.84
https://www.gurufocus.com/term/gf_value/GLW/GF-Value;45.81
https://www.gurufocus.com/term/gf_value/GM/GF-Value;43.05
https://www.gurufocus.com/term/gf_value/GMED/GF-Value;92.44
https://www.gurufocus.com/term/gf_value/GMS/GF-Value;34.03
https://www.gurufocus.com/term/gf_value/GNL/GF-Value;17.72
https://www.gurufocus.com/term/gf_value/GNRC/GF-Value;297.96
https://www.gurufocus.com/term/gf_value/GNTX/GF-Value;40.15
https://www.gurufocus.com/term/gf_value/GO/GF-Value;0
https://www.gurufocus.com/term/gf_value/GOLD/GF-Value;20.68
https://www.gurufocus.com/term/gf_value/GOOG/GF-Value;3184.26
https://www.gurufocus.com/term/gf_value/GOOGL/GF-Value;3194.07
https://www.gurufocus.com/term/gf_value/GOSS/GF-Value;0
https://www.gurufocus.com/term/gf_value/GPC/GF-Value;123.69
https://www.gurufocus.com/term/gf_value/GPI/GF-Value;134.89
https://www.gurufocus.com/term/gf_value/GPK/GF-Value;21.69
https://www.gurufocus.com/term/gf_value/GPN/GF-Value;226.73
https://www.gurufocus.com/term/gf_value/GPS/GF-Value;23.11
https://www.gurufocus.com/term/gf_value/GRA/GF-Value;80.2
https://www.gurufocus.com/term/gf_value/GRMN/GF-Value;141.05
https://www.gurufocus.com/term/gf_value/GRPH/GF-Value;0
https://www.gurufocus.com/term/gf_value/GRUB/GF-Value;158.14
https://www.gurufocus.com/term/gf_value/GS/GF-Value;309
https://www.gurufocus.com/term/gf_value/GSHD/GF-Value;181.49
https://www.gurufocus.com/term/gf_value/GSKY/GF-Value;16.64
https://www.gurufocus.com/term/gf_value/GT/GF-Value;12.28
https://www.gurufocus.com/term/gf_value/GTHX/GF-Value;0
https://www.gurufocus.com/term/gf_value/GTLB/GF-Value;0
https://www.gurufocus.com/term/gf_value/GTLS/GF-Value;110.78
https://www.gurufocus.com/term/gf_value/GTN/GF-Value;31.43
https://www.gurufocus.com/term/gf_value/GTX/GF-Value;0
https://www.gurufocus.com/term/gf_value/GVA/GF-Value;37.78
https://www.gurufocus.com/term/gf_value/GWRE/GF-Value;127.53
https://www.gurufocus.com/term/gf_value/GWW/GF-Value;460.83
https://www.gurufocus.com/term/gf_value/GXO/GF-Value;0
https://www.gurufocus.com/term/gf_value/H/GF-Value;81.17
https://www.gurufocus.com/term/gf_value/HA/GF-Value;28.44
https://www.gurufocus.com/term/gf_value/HAE/GF-Value;112.81
https://www.gurufocus.com/term/gf_value/HAIN/GF-Value;31.33
https://www.gurufocus.com/term/gf_value/HAL/GF-Value;20.23
https://www.gurufocus.com/term/gf_value/HALO/GF-Value;49.66
https://www.gurufocus.com/term/gf_value/NAS:HAS/GF-Value/Hasbro;116.47
https://www.gurufocus.com/term/gf_value/HBAN/GF-Value;15.36
https://www.gurufocus.com/term/gf_value/HBI/GF-Value;17.43
https://www.gurufocus.com/term/gf_value/HCA/GF-Value;204.55
https://www.gurufocus.com/term/gf_value/HCCI/GF-Value;32.62
https://www.gurufocus.com/term/gf_value/HCSG/GF-Value;27.09
https://www.gurufocus.com/term/gf_value/HD/GF-Value;370.57
https://www.gurufocus.com/term/gf_value/HE/GF-Value;39.05
https://www.gurufocus.com/term/gf_value/HEAR/GF-Value;20.04
https://www.gurufocus.com/term/gf_value/HEI/GF-Value;139.09
https://www.gurufocus.com/term/gf_value/HES/GF-Value;77.57
https://www.gurufocus.com/term/gf_value/HFC/GF-Value;10.82
https://www.gurufocus.com/term/gf_value/HGV/GF-Value;59.97
https://www.gurufocus.com/term/gf_value/HHC/GF-Value;85.84
https://www.gurufocus.com/term/gf_value/HHR/GF-Value;57.15
https://www.gurufocus.com/term/gf_value/HIBB/GF-Value;50.17
https://www.gurufocus.com/term/gf_value/HIG/GF-Value;64.23
https://www.gurufocus.com/term/gf_value/HII/GF-Value;264.56
https://www.gurufocus.com/term/gf_value/HLI/GF-Value;109.58
https://www.gurufocus.com/term/gf_value/HLNE/GF-Value;88.01
https://www.gurufocus.com/term/gf_value/HLT/GF-Value;52.89
https://www.gurufocus.com/term/gf_value/HNP/GF-Value;23.4
https://www.gurufocus.com/term/gf_value/HOG/GF-Value;36.83
https://www.gurufocus.com/term/gf_value/HOLX/GF-Value;70.98
https://www.gurufocus.com/term/gf_value/HON/GF-Value;191.99
https://www.gurufocus.com/term/gf_value/HOOD/GF-Value;191.99
https://www.gurufocus.com/term/gf_value/HP/GF-Value;33.24
https://www.gurufocus.com/term/gf_value/HPE/GF-Value;15.29
https://www.gurufocus.com/term/gf_value/HPQ/GF-Value;31.91
https://www.gurufocus.com/term/gf_value/HQY/GF-Value;80.98
https://www.gurufocus.com/term/gf_value/HRB/GF-Value;27.15
https://www.gurufocus.com/term/gf_value/HRL/GF-Value;58.8
https://www.gurufocus.com/term/gf_value/HRTX/GF-Value;27.09
https://www.gurufocus.com/term/gf_value/HSC/GF-Value;19.46
https://www.gurufocus.com/term/gf_value/HSIC/GF-Value;94.24
https://www.gurufocus.com/term/gf_value/HSKA/GF-Value;169.87
https://www.gurufocus.com/term/gf_value/HST/GF-Value;16.99
https://www.gurufocus.com/term/gf_value/HSY/GF-Value;172.04
https://www.gurufocus.com/term/gf_value/HTA/GF-Value;29.06
https://www.gurufocus.com/term/gf_value/HTHT/GF-Value;84.42
https://www.gurufocus.com/term/gf_value/HUBB/GF-Value;147.15
https://www.gurufocus.com/term/gf_value/HUBG/GF-Value;65.04
https://www.gurufocus.com/term/gf_value/HUBS/GF-Value;591.14
https://www.gurufocus.com/term/gf_value/HUM/GF-Value;557.22
https://www.gurufocus.com/term/gf_value/HURN/GF-Value;57.44
https://www.gurufocus.com/term/gf_value/HWM/GF-Value;23.81
https://www.gurufocus.com/term/gf_value/HXL/GF-Value;58.01
https://www.gurufocus.com/term/gf_value/HYLN/GF-Value;0
https://www.gurufocus.com/term/gf_value/IAA/GF-Value;0
https://www.gurufocus.com/term/gf_value/IAC/GF-Value;0
https://www.gurufocus.com/term/gf_value/IART/GF-Value;67.98
https://www.gurufocus.com/term/gf_value/IBKR/GF-Value;57.52
https://www.gurufocus.com/term/gf_value/IBM/GF-Value;118.74
https://www.gurufocus.com/term/gf_value/IBN/GF-Value;10.86
https://www.gurufocus.com/term/gf_value/IBP/GF-Value;10.86
https://www.gurufocus.com/term/gf_value/IBTX/GF-Value;74.62
https://www.gurufocus.com/term/gf_value/ICE/GF-Value;106.76
https://www.gurufocus.com/term/gf_value/ICFI/GF-Value;103.11
https://www.gurufocus.com/term/gf_value/ICLR/GF-Value;342.08
https://www.gurufocus.com/term/gf_value/ICPT/GF-Value;133.78
https://www.gurufocus.com/term/gf_value/ICUI/GF-Value;388.05
https://www.gurufocus.com/term/gf_value/IDA/GF-Value;103.8
https://www.gurufocus.com/term/gf_value/IDCC/GF-Value;78.24
https://www.gurufocus.com/term/gf_value/IDXX/GF-Value;486.85
https://www.gurufocus.com/term/gf_value/IEX/GF-Value;217.16
https://www.gurufocus.com/term/gf_value/IFF/GF-Value;148.8
https://www.gurufocus.com/term/gf_value/IGMS/GF-Value;0
https://www.gurufocus.com/term/gf_value/IIPR/GF-Value;318.01
https://www.gurufocus.com/term/gf_value/IIVI/GF-Value;61.58
https://www.gurufocus.com/term/gf_value/ILMN/GF-Value;542.98
https://www.gurufocus.com/term/gf_value/IMMU/GF-Value;0
https://www.gurufocus.com/term/gf_value/INCY/GF-Value;169.84
https://www.gurufocus.com/term/gf_value/INDB/GF-Value;112.16
https://www.gurufocus.com/term/gf_value/INFO/GF-Value;87.24
https://www.gurufocus.com/term/gf_value/INGN/GF-Value;72.88
https://www.gurufocus.com/term/gf_value/INGR/GF-Value;100.32
https://www.gurufocus.com/term/gf_value/INMD/GF-Value;0
https://www.gurufocus.com/term/gf_value/INO/GF-Value;500.04
https://www.gurufocus.com/term/gf_value/INSG/GF-Value;8.59
https://www.gurufocus.com/term/gf_value/INSP/GF-Value;317.53
https://www.gurufocus.com/term/gf_value/INTC/GF-Value;60.96
https://www.gurufocus.com/term/gf_value/INTU/GF-Value;571.88
https://www.gurufocus.com/term/gf_value/INVH/GF-Value;31.79
https://www.gurufocus.com/term/gf_value/IONS/GF-Value;67.66
https://www.gurufocus.com/term/gf_value/IOSP/GF-Value;70.65
https://www.gurufocus.com/term/gf_value/IOVA/GF-Value;0
https://www.gurufocus.com/term/gf_value/IP/GF-Value;41.49
https://www.gurufocus.com/term/gf_value/IPAR/GF-Value;94.3
https://www.gurufocus.com/term/gf_value/IPG/GF-Value;20.74
https://www.gurufocus.com/term/gf_value/IPGP/GF-Value;193.22
https://www.gurufocus.com/term/gf_value/IQV/GF-Value;235.4
https://www.gurufocus.com/term/gf_value/IR/GF-Value;40.99
https://www.gurufocus.com/term/gf_value/IRBT/GF-Value;208.77
https://www.gurufocus.com/term/gf_value/IRDM/GF-Value;29.53
https://www.gurufocus.com/term/gf_value/IRM/GF-Value;32.84
https://www.gurufocus.com/term/gf_value/IRTC/GF-Value;184.38
https://www.gurufocus.com/term/gf_value/ISRG/GF-Value;357.43
https://www.gurufocus.com/term/gf_value/IT/GF-Value;239.93
https://www.gurufocus.com/term/gf_value/ITCI/GF-Value;0
https://www.gurufocus.com/term/gf_value/ITGR/GF-Value;86.63
https://www.gurufocus.com/term/gf_value/ITRI/GF-Value;68.21
https://www.gurufocus.com/term/gf_value/ITT/GF-Value;80.14
https://www.gurufocus.com/term/gf_value/ITW/GF-Value;208.68
https://www.gurufocus.com/term/gf_value/IVZ/GF-Value;18.15
https://www.gurufocus.com/term/gf_value/J/GF-Value;117.75
https://www.gurufocus.com/term/gf_value/JACK/GF-Value;130.51
https://www.gurufocus.com/term/gf_value/JBHT/GF-Value;189.07
https://www.gurufocus.com/term/gf_value/JBL/GF-Value;76.82
https://www.gurufocus.com/term/gf_value/JBSS/GF-Value;78.43
https://www.gurufocus.com/term/gf_value/JBT/GF-Value;119.15
https://www.gurufocus.com/term/gf_value/JCI/GF-Value;61.77
https://www.gurufocus.com/term/gf_value/NAS:JD/GF-Value/JDcom;108.24
https://www.gurufocus.com/term/gf_value/JEF/GF-Value;28.41
https://www.gurufocus.com/term/gf_value/JELD/GF-Value;26.69
https://www.gurufocus.com/term/gf_value/JJSF/GF-Value;184.27
https://www.gurufocus.com/term/gf_value/JKHY/GF-Value;210.24
https://www.gurufocus.com/term/gf_value/JLL/GF-Value;96.68
https://www.gurufocus.com/term/gf_value/JNJ/GF-Value;179.88
https://www.gurufocus.com/term/gf_value/JNPR/GF-Value;30.28
https://www.gurufocus.com/term/gf_value/JOBS/GF-Value;98.88
https://www.gurufocus.com/term/gf_value/JOUT/GF-Value;161.54
https://www.gurufocus.com/term/gf_value/JPM/GF-Value;151.05
https://www.gurufocus.com/term/gf_value/JWN/GF-Value;33.72
https://www.gurufocus.com/term/gf_value/K/GF-Value;66.56
https://www.gurufocus.com/term/gf_value/KAI/GF-Value;136.13
https://www.gurufocus.com/term/gf_value/KALU/GF-Value;207.3
https://www.gurufocus.com/term/gf_value/KBH/GF-Value;62.42
https://www.gurufocus.com/term/gf_value/KD/GF-Value;0
https://www.gurufocus.com/term/gf_value/KDP/GF-Value;36.35
https://www.gurufocus.com/term/gf_value/KEP/GF-Value;11.46
https://www.gurufocus.com/term/gf_value/KEX/GF-Value;64.76
https://www.gurufocus.com/term/gf_value/KEY/GF-Value;20.55
https://www.gurufocus.com/term/gf_value/KEYS/GF-Value;144.78
https://www.gurufocus.com/term/gf_value/KFY/GF-Value;50.29
https://www.gurufocus.com/term/gf_value/KHC/GF-Value;30.31
https://www.gurufocus.com/term/gf_value/KIDS/GF-Value;17.75
https://www.gurufocus.com/term/gf_value/KIM/GF-Value;15.33
https://www.gurufocus.com/term/gf_value/KKR/GF-Value;72.54
https://www.gurufocus.com/term/gf_value/KLAC/GF-Value;347.19
https://www.gurufocus.com/term/gf_value/KMB/GF-Value;148.88
https://www.gurufocus.com/term/gf_value/KMI/GF-Value;17.03
https://www.gurufocus.com/term/gf_value/KMPR/GF-Value;96.93
https://www.gurufocus.com/term/gf_value/KMT/GF-Value;34.46
https://www.gurufocus.com/term/gf_value/KMX/GF-Value;148.49
https://www.gurufocus.com/term/gf_value/KNBE/GF-Value;0
https://www.gurufocus.com/term/gf_value/KNSL/GF-Value;292.58
https://www.gurufocus.com/term/gf_value/KNX/GF-Value;55.3
https://www.gurufocus.com/term/gf_value/KO/GF-Value;62.72
https://www.gurufocus.com/term/gf_value/KOD/GF-Value;0
https://www.gurufocus.com/term/gf_value/KOPN/GF-Value;2.06
https://www.gurufocus.com/term/gf_value/KR/GF-Value;38.67
https://www.gurufocus.com/term/gf_value/KRC/GF-Value;75.9
https://www.gurufocus.com/term/gf_value/KRG/GF-Value;8.55
https://www.gurufocus.com/term/gf_value/KRTX/GF-Value;0
https://www.gurufocus.com/term/gf_value/KRYS/GF-Value;0
https://www.gurufocus.com/term/gf_value/KTB/GF-Value;40.4
https://www.gurufocus.com/term/gf_value/KTOS/GF-Value;24.55
https://www.gurufocus.com/term/gf_value/KWR/GF-Value;301.42
https://www.gurufocus.com/term/gf_value/L/GF-Value;72.24
https://www.gurufocus.com/term/gf_value/LAD/GF-Value;269.15
https://www.gurufocus.com/term/gf_value/LANC/GF-Value;203.53
https://www.gurufocus.com/term/gf_value/LASR/GF-Value;31.44
https://www.gurufocus.com/term/gf_value/LAZR/GF-Value;0
https://www.gurufocus.com/term/gf_value/LBRDK/GF-Value;8536.05
https://www.gurufocus.com/term/gf_value/LCII/GF-Value;245.78
https://www.gurufocus.com/term/gf_value/LDOS/GF-Value;157.94
https://www.gurufocus.com/term/gf_value/LEA/GF-Value;206.79
https://www.gurufocus.com/term/gf_value/LECO/GF-Value;121.85
https://www.gurufocus.com/term/gf_value/LEG/GF-Value;54.2
https://www.gurufocus.com/term/gf_value/LEGH/GF-Value;26.12
https://www.gurufocus.com/term/gf_value/LEN/GF-Value;99.05
https://www.gurufocus.com/term/gf_value/LEVI/GF-Value;23.33
https://www.gurufocus.com/term/gf_value/LFC/GF-Value;11.5
https://www.gurufocus.com/term/gf_value/LFST/GF-Value;0
https://www.gurufocus.com/term/gf_value/LFUS/GF-Value;269.63
https://www.gurufocus.com/term/gf_value/LGIH/GF-Value;179.09
https://www.gurufocus.com/term/gf_value/LGND/GF-Value;154.16
https://www.gurufocus.com/term/gf_value/LH/GF-Value;234.51
https://www.gurufocus.com/term/gf_value/LHCG/GF-Value;192.12
https://www.gurufocus.com/term/gf_value/LHX/GF-Value;247.13
https://www.gurufocus.com/term/gf_value/LI/GF-Value;0
https://www.gurufocus.com/term/gf_value/LII/GF-Value;350.54
https://www.gurufocus.com/term/gf_value/LIN/GF-Value;288.24
https://www.gurufocus.com/term/gf_value/LITE/GF-Value;91.74
https://www.gurufocus.com/term/gf_value/LKQ/GF-Value;38.68
https://www.gurufocus.com/term/gf_value/LLY/GF-Value;203.58
https://www.gurufocus.com/term/gf_value/LMT/GF-Value;420.26
https://www.gurufocus.com/term/gf_value/LNN/GF-Value;141.21
https://www.gurufocus.com/term/gf_value/LNT/GF-Value;49.84
https://www.gurufocus.com/term/gf_value/LNTH/GF-Value;19.23
https://www.gurufocus.com/term/gf_value/LOGI/GF-Value;94.5
https://www.gurufocus.com/term/gf_value/LOPE/GF-Value;117.58
https://www.gurufocus.com/term/gf_value/LOW/GF-Value;208.86
https://www.gurufocus.com/term/gf_value/LPL/GF-Value;9.77
https://www.gurufocus.com/term/gf_value/LPLA/GF-Value;498.69
https://www.gurufocus.com/term/gf_value/LPRO/GF-Value;0
https://www.gurufocus.com/term/gf_value/LPSN/GF-Value;75.68
https://www.gurufocus.com/term/gf_value/LPX/GF-Value;58.89
https://www.gurufocus.com/term/gf_value/LRCX/GF-Value;674.56
https://www.gurufocus.com/term/gf_value/LRN/GF-Value;40.16
https://www.gurufocus.com/term/gf_value/LSCC/GF-Value;39.97
https://www.gurufocus.com/term/gf_value/LSI/GF-Value;52.82
https://www.gurufocus.com/term/gf_value/LSPD/GF-Value;181.22
https://www.gurufocus.com/term/gf_value/LSTR/GF-Value;172.04
https://www.gurufocus.com/term/gf_value/LTHM/GF-Value;15.2
https://www.gurufocus.com/term/gf_value/LULU/GF-Value;665.07
https://www.gurufocus.com/term/gf_value/LUMN/GF-Value;9.81
https://www.gurufocus.com/term/gf_value/LUV/GF-Value;57.21
https://www.gurufocus.com/term/gf_value/LVS/GF-Value;52.65
https://www.gurufocus.com/term/gf_value/LW/GF-Value;81.58
https://www.gurufocus.com/term/gf_value/LYB/GF-Value;118.58
https://www.gurufocus.com/term/gf_value/LYFT/GF-Value;51.17
https://www.gurufocus.com/term/gf_value/LYLT/GF-Value;0
https://www.gurufocus.com/term/gf_value/LYV/GF-Value;73.9
https://www.gurufocus.com/term/gf_value/M/GF-Value;14.89
https://www.gurufocus.com/term/gf_value/MA/GF-Value;421.62
https://www.gurufocus.com/term/gf_value/MAA/GF-Value;141.85
https://www.gurufocus.com/term/gf_value/MAC/GF-Value;13.94
https://www.gurufocus.com/term/gf_value/MAN/GF-Value;108.01
https://www.gurufocus.com/term/gf_value/MANH/GF-Value;102.66
https://www.gurufocus.com/term/gf_value/MANT/GF-Value;87.14
https://www.gurufocus.com/term/gf_value/MANU/GF-Value;14.64
https://www.gurufocus.com/term/gf_value/MAR/GF-Value;119.79
https://www.gurufocus.com/term/gf_value/MARA/GF-Value;92.66
https://www.gurufocus.com/term/gf_value/MAS/GF-Value;68.91
https://www.gurufocus.com/term/gf_value/MASI/GF-Value;285.7
https://www.gurufocus.com/term/gf_value/MAT/GF-Value;14.6
https://www.gurufocus.com/term/gf_value/MATX/GF-Value;71.96
https://www.gurufocus.com/term/gf_value/MBT/GF-Value;15.11
https://www.gurufocus.com/term/gf_value/MBUU/GF-Value;92.83
https://www.gurufocus.com/term/gf_value/MCD/GF-Value;264.55
https://www.gurufocus.com/term/gf_value/MCHP/GF-Value;66.47
https://www.gurufocus.com/term/gf_value/MCK/GF-Value;207.88
https://www.gurufocus.com/term/gf_value/MCO/GF-Value;379.19
https://www.gurufocus.com/term/gf_value/MCRI/GF-Value;78.67
https://www.gurufocus.com/term/gf_value/MD/GF-Value;29.97
https://www.gurufocus.com/term/gf_value/MDB/GF-Value;628.19
https://www.gurufocus.com/term/gf_value/MDGL/GF-Value;0
https://www.gurufocus.com/term/gf_value/MDLZ/GF-Value;67.89
https://www.gurufocus.com/term/gf_value/MDRX/GF-Value;13.34
https://www.gurufocus.com/term/gf_value/MDT/GF-Value;137.64
https://www.gurufocus.com/term/gf_value/MDU/GF-Value;40.5
https://www.gurufocus.com/term/gf_value/MED/GF-Value;676.66
https://www.gurufocus.com/term/gf_value/MEDP/GF-Value;171.31
https://www.gurufocus.com/term/gf_value/MEI/GF-Value;45.8
https://www.gurufocus.com/term/gf_value/MELI/GF-Value;4110.29
https://www.gurufocus.com/term/gf_value/MET/GF-Value;54.99
https://www.gurufocus.com/term/gf_value/MFGP/GF-Value;33.65
https://www.gurufocus.com/term/gf_value/MGA/GF-Value;62.14
https://www.gurufocus.com/term/gf_value/MGLN/GF-Value;49.94
https://www.gurufocus.com/term/gf_value/MGM/GF-Value;37.97
https://www.gurufocus.com/term/gf_value/MGRC/GF-Value;81.86
https://www.gurufocus.com/term/gf_value/MGY/GF-Value;17.97
https://www.gurufocus.com/term/gf_value/MHK/GF-Value;168.98
https://www.gurufocus.com/term/gf_value/MHO/GF-Value;80.74
https://www.gurufocus.com/term/gf_value/MIDD/GF-Value;171.26
https://www.gurufocus.com/term/gf_value/MIME/GF-Value;72.44
https://www.gurufocus.com/term/gf_value/MKC/GF-Value;103.06
https://www.gurufocus.com/term/gf_value/MKL/GF-Value;1664.21
https://www.gurufocus.com/term/gf_value/MKSI/GF-Value;175.3
https://www.gurufocus.com/term/gf_value/MKTX/GF-Value;774.18
https://www.gurufocus.com/term/gf_value/MLAB/GF-Value;254.66
https://www.gurufocus.com/term/gf_value/MLCO/GF-Value;18.54
https://www.gurufocus.com/term/gf_value/MLKN/GF-Value;52.35
https://www.gurufocus.com/term/gf_value/MLM/GF-Value;374.62
https://www.gurufocus.com/term/gf_value/MMC/GF-Value;148.52
https://www.gurufocus.com/term/gf_value/MMI/GF-Value;46.25
https://www.gurufocus.com/term/gf_value/MMM/GF-Value;205.25
https://www.gurufocus.com/term/gf_value/MMS/GF-Value;114.34
https://www.gurufocus.com/term/gf_value/MMSI/GF-Value;65.42
https://www.gurufocus.com/term/gf_value/MNDY/GF-Value;0
https://www.gurufocus.com/term/gf_value/MNRO/GF-Value;83.58
https://www.gurufocus.com/term/gf_value/MNST/GF-Value;112.55
https://www.gurufocus.com/term/gf_value/MO/GF-Value;49.47
https://www.gurufocus.com/term/gf_value/MODV/GF-Value;119.66
https://www.gurufocus.com/term/gf_value/MOH/GF-Value;324.7
https://www.gurufocus.com/term/gf_value/MOMO/GF-Value;23.27
https://www.gurufocus.com/term/gf_value/MORN/GF-Value;371.52
https://www.gurufocus.com/term/gf_value/MOS/GF-Value;30.77
https://www.gurufocus.com/term/gf_value/MOV/GF-Value;22.97
https://www.gurufocus.com/term/gf_value/MP/GF-Value;0
https://www.gurufocus.com/term/gf_value/MPC/GF-Value;71.57
https://www.gurufocus.com/term/gf_value/MPW/GF-Value;27.97
https://www.gurufocus.com/term/gf_value/MPWR/GF-Value;488.82
https://www.gurufocus.com/term/gf_value/MQ/GF-Value;0
https://www.gurufocus.com/term/gf_value/MRC/GF-Value;6.68
https://www.gurufocus.com/term/gf_value/MRK/GF-Value;98.71
https://www.gurufocus.com/term/gf_value/MRNA/GF-Value;2203.19
https://www.gurufocus.com/term/gf_value/MRO/GF-Value;14.16
https://www.gurufocus.com/term/gf_value/MRTX/GF-Value;3100.88
https://www.gurufocus.com/term/gf_value/MRVI/GF-Value;0
https://www.gurufocus.com/term/gf_value/MRVL/GF-Value;70.89
https://www.gurufocus.com/term/gf_value/MS/GF-Value;73.12
https://www.gurufocus.com/term/gf_value/MSA/GF-Value;142.81
https://www.gurufocus.com/term/gf_value/MSCI/GF-Value;546.26
https://www.gurufocus.com/term/gf_value/MSEX/GF-Value;73.37
https://www.gurufocus.com/term/gf_value/MSFT/GF-Value;359.69
https://www.gurufocus.com/term/gf_value/MSGE/GF-Value;0
https://www.gurufocus.com/term/gf_value/MSGS/GF-Value;217.73
https://www.gurufocus.com/term/gf_value/MSI/GF-Value;201.81
https://www.gurufocus.com/term/gf_value/MSM/GF-Value;87.01
https://www.gurufocus.com/term/gf_value/MSTR/GF-Value;175.81
https://www.gurufocus.com/term/gf_value/MTB/GF-Value;208.7
https://www.gurufocus.com/term/gf_value/MTCH/GF-Value;141.01
https://www.gurufocus.com/term/gf_value/MTD/GF-Value;1128.97
https://www.gurufocus.com/term/gf_value/MTG/GF-Value;14
https://www.gurufocus.com/term/gf_value/MTH/GF-Value;135.45
https://www.gurufocus.com/term/gf_value/MTN/GF-Value;313.81
https://www.gurufocus.com/term/gf_value/MTOR/GF-Value;30.62
https://www.gurufocus.com/term/gf_value/MTRN/GF-Value;84.21
https://www.gurufocus.com/term/gf_value/MTTR/GF-Value;0
https://www.gurufocus.com/term/gf_value/MTX/GF-Value;68.39
https://www.gurufocus.com/term/gf_value/MU/GF-Value;104.12
https://www.gurufocus.com/term/gf_value/MUR/GF-Value;30.41
https://www.gurufocus.com/term/gf_value/MUSA/GF-Value;175.82
https://www.gurufocus.com/term/gf_value/MVIS/GF-Value;0.08
https://www.gurufocus.com/term/gf_value/MXL/GF-Value;62.53
https://www.gurufocus.com/term/gf_value/MYGN/GF-Value;20.65
https://www.gurufocus.com/term/gf_value/MYRG/GF-Value;93.16
https://www.gurufocus.com/term/gf_value/NABL/GF-Value;0
https://www.gurufocus.com/term/gf_value/NARI/GF-Value;0
https://www.gurufocus.com/term/gf_value/NATI/GF-Value;53.52
https://www.gurufocus.com/term/gf_value/NAVI/GF-Value;14.08
https://www.gurufocus.com/term/gf_value/NBIX/GF-Value;257.41
https://www.gurufocus.com/term/gf_value/NCBS/GF-Value;121.43
https://www.gurufocus.com/term/gf_value/NCNO/GF-Value;0
https://www.gurufocus.com/term/gf_value/NCR/GF-Value;36.5
https://www.gurufocus.com/term/gf_value/NDAQ/GF-Value;93.17
https://www.gurufocus.com/term/gf_value/NDSN/GF-Value;228.25
https://www.gurufocus.com/term/gf_value/NEE/GF-Value;73.49
https://www.gurufocus.com/term/gf_value/NEM/GF-Value;71.76
https://www.gurufocus.com/term/gf_value/NEO/GF-Value;48.26
https://www.gurufocus.com/term/gf_value/NEOG/GF-Value;82.23
https://www.gurufocus.com/term/gf_value/NET/GF-Value;0
https://www.gurufocus.com/term/gf_value/NEU/GF-Value;435.49
https://www.gurufocus.com/term/gf_value/NEWR/GF-Value;106.41
https://www.gurufocus.com/term/gf_value/NFE/GF-Value;67.7
https://www.gurufocus.com/term/gf_value/NFG/GF-Value;49.65
https://www.gurufocus.com/term/gf_value/NFLX/GF-Value;893.84
https://www.gurufocus.com/term/gf_value/NGVT/GF-Value;93.36
https://www.gurufocus.com/term/gf_value/NJR/GF-Value;24.56
https://www.gurufocus.com/term/gf_value/NKE/GF-Value;154.59
https://www.gurufocus.com/term/gf_value/NKTR/GF-Value;89.32
https://www.gurufocus.com/term/gf_value/NLOK/GF-Value;31.88
https://www.gurufocus.com/term/gf_value/NLSN/GF-Value;13.25
https://www.gurufocus.com/term/gf_value/NMIH/GF-Value;31.78
https://www.gurufocus.com/term/gf_value/NOC/GF-Value;419.12
https://www.gurufocus.com/term/gf_value/NOK/GF-Value;4.59
https://www.gurufocus.com/term/gf_value/NOV/GF-Value;18.32
https://www.gurufocus.com/term/gf_value/NOW/GF-Value;1043.9
https://www.gurufocus.com/term/gf_value/NP/GF-Value;46.43
https://www.gurufocus.com/term/gf_value/NPK/GF-Value;109.5
https://www.gurufocus.com/term/gf_value/NRG/GF-Value;42.53
https://www.gurufocus.com/term/gf_value/NRIX/GF-Value;0
https://www.gurufocus.com/term/gf_value/NSC/GF-Value;246.09
https://www.gurufocus.com/term/gf_value/NSP/GF-Value;135.95
https://www.gurufocus.com/term/gf_value/NTAP/GF-Value;81.25
https://www.gurufocus.com/term/gf_value/NTCO/GF-Value;0
https://www.gurufocus.com/term/gf_value/NTCT/GF-Value;27.42
https://www.gurufocus.com/term/gf_value/NTES/GF-Value;396.34
https://www.gurufocus.com/term/gf_value/NTGR/GF-Value;32.28
https://www.gurufocus.com/term/gf_value/NTLA/GF-Value;28.51
https://www.gurufocus.com/term/gf_value/NTNX/GF-Value;47.23
https://www.gurufocus.com/term/gf_value/NTRA/GF-Value;107.85
https://www.gurufocus.com/term/gf_value/NTRS/GF-Value;140.52
https://www.gurufocus.com/term/gf_value/NTUS/GF-Value;19.07
https://www.gurufocus.com/term/gf_value/NU/GF-Value;0
https://www.gurufocus.com/term/gf_value/NUE/GF-Value;69.85
https://www.gurufocus.com/term/gf_value/NUS/GF-Value;70.52
https://www.gurufocus.com/term/gf_value/NUVA/GF-Value;77.57
https://www.gurufocus.com/term/gf_value/NVAX/GF-Value;1656.28
https://www.gurufocus.com/term/gf_value/NVCR/GF-Value;133.2
https://www.gurufocus.com/term/gf_value/NVDA/GF-Value;303.67
https://www.gurufocus.com/term/gf_value/NVEE/GF-Value;85.31
https://www.gurufocus.com/term/gf_value/NVR/GF-Value;5742.89
https://www.gurufocus.com/term/gf_value/NVRO/GF-Value;145.56
https://www.gurufocus.com/term/gf_value/NVS/GF-Value;105.36
https://www.gurufocus.com/term/gf_value/NVST/GF-Value;0
https://www.gurufocus.com/term/gf_value/NVTA/GF-Value;36.39
https://www.gurufocus.com/term/gf_value/NWE/GF-Value;69.97
https://www.gurufocus.com/term/gf_value/NWL/GF-Value;20.59
https://www.gurufocus.com/term/gf_value/NWLI/GF-Value;197.75
https://www.gurufocus.com/term/gf_value/NWS/GF-Value;14.66
https://www.gurufocus.com/term/gf_value/NWSA/GF-Value;14.85
https://www.gurufocus.com/term/gf_value/NXPI/GF-Value;191.88
https://www.gurufocus.com/term/gf_value/NXST/GF-Value;181
https://www.gurufocus.com/term/gf_value/NYCB/GF-Value;26.03
https://www.gurufocus.com/term/gf_value/NYT/GF-Value;45.24
https://www.gurufocus.com/term/gf_value/O/GF-Value;125.16
https://www.gurufocus.com/term/gf_value/OC/GF-Value;86.42
https://www.gurufocus.com/term/gf_value/ODFL/GF-Value;245.69
https://www.gurufocus.com/term/gf_value/OFIX/GF-Value;48.05
https://www.gurufocus.com/term/gf_value/OGE/GF-Value;36.95
https://www.gurufocus.com/term/gf_value/OGN/GF-Value;0
https://www.gurufocus.com/term/gf_value/OGS/GF-Value;67.48
https://www.gurufocus.com/term/gf_value/OHI/GF-Value;33.72
https://www.gurufocus.com/term/gf_value/OI/GF-Value;12.85
https://www.gurufocus.com/term/gf_value/OII/GF-Value;12.75
https://www.gurufocus.com/term/gf_value/OIS/GF-Value;7.62
https://www.gurufocus.com/term/gf_value/OKE/GF-Value;68
https://www.gurufocus.com/term/gf_value/OKTA/GF-Value;502.47
https://www.gurufocus.com/term/gf_value/OLED/GF-Value;320.53
https://www.gurufocus.com/term/gf_value/OLLI/GF-Value;110.96
https://www.gurufocus.com/term/gf_value/OLN/GF-Value;29.41
https://www.gurufocus.com/term/gf_value/OMC/GF-Value;76.54
https://www.gurufocus.com/term/gf_value/OMCL/GF-Value;110.24
https://www.gurufocus.com/term/gf_value/OMF/GF-Value;28.14
https://www.gurufocus.com/term/gf_value/ON/GF-Value;28.24
https://www.gurufocus.com/term/gf_value/ONEM/GF-Value;0
https://www.gurufocus.com/term/gf_value/ONTO/GF-Value;60.68
https://www.gurufocus.com/term/gf_value/ORCL/GF-Value;88.45
https://www.gurufocus.com/term/gf_value/ORLY/GF-Value;669.76
https://www.gurufocus.com/term/gf_value/OSH/GF-Value;0
https://www.gurufocus.com/term/gf_value/OSIS/GF-Value;109.41
https://www.gurufocus.com/term/gf_value/OSK/GF-Value;102.84
https://www.gurufocus.com/term/gf_value/OSTK/GF-Value;33.01
https://www.gurufocus.com/term/gf_value/OSUR/GF-Value;10.96
https://www.gurufocus.com/term/gf_value/OTIS/GF-Value;0
https://www.gurufocus.com/term/gf_value/OVV/GF-Value;26.67
https://www.gurufocus.com/term/gf_value/OXY/GF-Value;38.05
https://www.gurufocus.com/term/gf_value/PAAS/GF-Value;32.96
https://www.gurufocus.com/term/gf_value/PACB/GF-Value;21.12
https://www.gurufocus.com/term/gf_value/PAGS/GF-Value;148.5
https://www.gurufocus.com/term/gf_value/PANW/GF-Value;613.17
https://www.gurufocus.com/term/gf_value/PATH/GF-Value;0
https://www.gurufocus.com/term/gf_value/PATK/GF-Value;173.83
https://www.gurufocus.com/term/gf_value/PAY/GF-Value;0
https://www.gurufocus.com/term/gf_value/PAYC/GF-Value;622.63
https://www.gurufocus.com/term/gf_value/PAYX/GF-Value;106.12
https://www.gurufocus.com/term/gf_value/PB/GF-Value;86.55
https://www.gurufocus.com/term/gf_value/PBCT/GF-Value;15.66
https://www.gurufocus.com/term/gf_value/PBF/GF-Value;2.81
https://www.gurufocus.com/term/gf_value/PBH/GF-Value;43.82
https://www.gurufocus.com/term/gf_value/PBI/GF-Value;10.47
https://www.gurufocus.com/term/gf_value/PCAR/GF-Value;85.47
https://www.gurufocus.com/term/gf_value/PCG/GF-Value;4.58
https://www.gurufocus.com/term/gf_value/PCOR/GF-Value;0
https://www.gurufocus.com/term/gf_value/PCRX/GF-Value;106.58
https://www.gurufocus.com/term/gf_value/PCTY/GF-Value;251.35
https://www.gurufocus.com/term/gf_value/PD/GF-Value;65.61
https://www.gurufocus.com/term/gf_value/PDCO/GF-Value;27.21
https://www.gurufocus.com/term/gf_value/PEAK/GF-Value;40.61
https://www.gurufocus.com/term/gf_value/PEG/GF-Value;55.8
https://www.gurufocus.com/term/gf_value/PEGA/GF-Value;179.05
https://www.gurufocus.com/term/gf_value/PEN/GF-Value;386.9
https://www.gurufocus.com/term/gf_value/PEP/GF-Value;172.01
https://www.gurufocus.com/term/gf_value/PETQ/GF-Value;36.33
https://www.gurufocus.com/term/gf_value/PFE/GF-Value;56.74
https://www.gurufocus.com/term/gf_value/PFG/GF-Value;62.24
https://www.gurufocus.com/term/gf_value/PFGC/GF-Value;90.81
https://www.gurufocus.com/term/gf_value/PFPT/GF-Value;0
https://www.gurufocus.com/term/gf_value/PFSI/GF-Value;65.17
https://www.gurufocus.com/term/gf_value/PG/GF-Value;156.72
https://www.gurufocus.com/term/gf_value/PGNY/GF-Value;0
https://www.gurufocus.com/term/gf_value/PGR/GF-Value;119.91
https://www.gurufocus.com/term/gf_value/PGTI/GF-Value;18.04
https://www.gurufocus.com/term/gf_value/PH/GF-Value;250.13
https://www.gurufocus.com/term/gf_value/PHM/GF-Value;71.06
https://www.gurufocus.com/term/gf_value/PII/GF-Value;138.69
https://www.gurufocus.com/term/gf_value/PINC/GF-Value;31.37
https://www.gurufocus.com/term/gf_value/PINS/GF-Value;87.48
https://www.gurufocus.com/term/gf_value/PIPR/GF-Value;199.56
https://www.gurufocus.com/term/gf_value/PJT/GF-Value;45.56
https://www.gurufocus.com/term/gf_value/PKG/GF-Value;117.51
https://www.gurufocus.com/term/gf_value/PKI/GF-Value;138.66
https://www.gurufocus.com/term/gf_value/PLAN/GF-Value;108.81
https://www.gurufocus.com/term/gf_value/PLAY/GF-Value;13.65
https://www.gurufocus.com/term/gf_value/PLCE/GF-Value;89.41
https://www.gurufocus.com/term/gf_value/PLD/GF-Value;116.46
https://www.gurufocus.com/term/gf_value/PLNT/GF-Value;130.53
https://www.gurufocus.com/term/gf_value/PLTR/GF-Value;0
https://www.gurufocus.com/term/gf_value/PLUG/GF-Value;12.92
https://www.gurufocus.com/term/gf_value/PLUS/GF-Value;55.1
https://www.gurufocus.com/term/gf_value/PLXS/GF-Value;120.55
https://www.gurufocus.com/term/gf_value/PM/GF-Value;97.03
https://www.gurufocus.com/term/gf_value/PNC/GF-Value;159.13
https://www.gurufocus.com/term/gf_value/PNFP/GF-Value;105.46
https://www.gurufocus.com/term/gf_value/PNTG/GF-Value;0
https://www.gurufocus.com/term/gf_value/PODD/GF-Value;455.25
https://www.gurufocus.com/term/gf_value/POOL/GF-Value;639.17
https://www.gurufocus.com/term/gf_value/POR/GF-Value;59.58
https://www.gurufocus.com/term/gf_value/POSH/GF-Value;0
https://www.gurufocus.com/term/gf_value/POST/GF-Value;128.65
https://www.gurufocus.com/term/gf_value/POWI/GF-Value;90.4
https://www.gurufocus.com/term/gf_value/PPC/GF-Value;27.57
https://www.gurufocus.com/term/gf_value/PPG/GF-Value;157.5
https://www.gurufocus.com/term/gf_value/PPL/GF-Value;26.29
https://www.gurufocus.com/term/gf_value/PRAA/GF-Value;37.71
https://www.gurufocus.com/term/gf_value/PRAX/GF-Value;0
https://www.gurufocus.com/term/gf_value/PRFT/GF-Value;69.71
https://www.gurufocus.com/term/gf_value/PRG/GF-Value;42.13
https://www.gurufocus.com/term/gf_value/PRGS/GF-Value;64.33
https://www.gurufocus.com/term/gf_value/PRI/GF-Value;197.09
https://www.gurufocus.com/term/gf_value/PRLB/GF-Value;117.38
https://www.gurufocus.com/term/gf_value/PRTA/GF-Value;757.59
https://www.gurufocus.com/term/gf_value/PRTS/GF-Value;8.71
https://www.gurufocus.com/term/gf_value/PRU/GF-Value;91.78
https://www.gurufocus.com/term/gf_value/PSA/GF-Value;237.12
https://www.gurufocus.com/term/gf_value/PSMT/GF-Value;87.47
https://www.gurufocus.com/term/gf_value/PSN/GF-Value;32.27
https://www.gurufocus.com/term/gf_value/PSTG/GF-Value;26.71
https://www.gurufocus.com/term/gf_value/PSX/GF-Value;7.41
https://www.gurufocus.com/term/gf_value/PTC/GF-Value;148.64
https://www.gurufocus.com/term/gf_value/PTCT/GF-Value;112.32
https://www.gurufocus.com/term/gf_value/PTON/GF-Value;0
https://www.gurufocus.com/term/gf_value/PTR/GF-Value;23.79
https://www.gurufocus.com/term/gf_value/PUMP/GF-Value;3.05
https://www.gurufocus.com/term/gf_value/PVH/GF-Value;108.48
https://www.gurufocus.com/term/gf_value/PWR/GF-Value;63.9
https://www.gurufocus.com/term/gf_value/PXD/GF-Value;128.22
https://www.gurufocus.com/term/gf_value/PYPL/GF-Value;364.17
https://www.gurufocus.com/term/gf_value/PZZA/GF-Value;92.62
https://www.gurufocus.com/term/gf_value/QADA/GF-Value;0
https://www.gurufocus.com/term/gf_value/QCOM/GF-Value;189.41
https://www.gurufocus.com/term/gf_value/QDEL/GF-Value;482.42
https://www.gurufocus.com/term/gf_value/QGEN/GF-Value;54.94
https://www.gurufocus.com/term/gf_value/QLYS/GF-Value;152.94
https://www.gurufocus.com/term/gf_value/QNST/GF-Value;24.78
https://www.gurufocus.com/term/gf_value/QRTEA/GF-Value;11.67
https://www.gurufocus.com/term/gf_value/QRVO/GF-Value;198.91
https://www.gurufocus.com/term/gf_value/QS/GF-Value;0
https://www.gurufocus.com/term/gf_value/QTS/GF-Value;0
https://www.gurufocus.com/term/gf_value/QTWO/GF-Value;153.11
https://www.gurufocus.com/term/gf_value/QUOT/GF-Value;14.24
https://www.gurufocus.com/term/gf_value/R/GF-Value;75.14
https://www.gurufocus.com/term/gf_value/RACE/GF-Value;268.43
https://www.gurufocus.com/term/gf_value/RAMP/GF-Value;128.88
https://www.gurufocus.com/term/gf_value/RARE/GF-Value;200.5
https://www.gurufocus.com/term/gf_value/RAVN/GF-Value;0
https://www.gurufocus.com/term/gf_value/RBLX/GF-Value;0
https://www.gurufocus.com/term/gf_value/RCL/GF-Value;132.15
https://www.gurufocus.com/term/gf_value/RDFN/GF-Value;132.22
https://www.gurufocus.com/term/gf_value/RDS.A/GF-Value;52.41
https://www.gurufocus.com/term/gf_value/RDY/GF-Value;76.67
https://www.gurufocus.com/term/gf_value/RE/GF-Value;379.65
https://www.gurufocus.com/term/gf_value/REG/GF-Value;51.76
https://www.gurufocus.com/term/gf_value/REGI/GF-Value;29.35
https://www.gurufocus.com/term/gf_value/REGN/GF-Value;868.11
https://www.gurufocus.com/term/gf_value/RETA/GF-Value;30.79
https://www.gurufocus.com/term/gf_value/REX/GF-Value;109.41
https://www.gurufocus.com/term/gf_value/REYN/GF-Value;0
https://www.gurufocus.com/term/gf_value/REZI/GF-Value;21.33
https://www.gurufocus.com/term/gf_value/RF/GF-Value;20.79
https://www.gurufocus.com/term/gf_value/RGA/GF-Value;136.9
https://www.gurufocus.com/term/gf_value/RGEN/GF-Value;269.3
https://www.gurufocus.com/term/gf_value/RGLD/GF-Value;160.35
https://www.gurufocus.com/term/gf_value/RGNX/GF-Value;141.58
https://www.gurufocus.com/term/gf_value/RGR/GF-Value;97.43
https://www.gurufocus.com/term/gf_value/RH/GF-Value;307.61
https://www.gurufocus.com/term/gf_value/RHI/GF-Value;75.96
https://www.gurufocus.com/term/gf_value/RIDE/GF-Value;0
https://www.gurufocus.com/term/gf_value/RIG/GF-Value;3.16
https://www.gurufocus.com/term/gf_value/RIOT/GF-Value;43.8
https://www.gurufocus.com/term/gf_value/RIVN/GF-Value;0
https://www.gurufocus.com/term/gf_value/RJF/GF-Value;92.02
https://www.gurufocus.com/term/gf_value/RL/GF-Value;127.34
https://www.gurufocus.com/term/gf_value/RMD/GF-Value;249.09
https://www.gurufocus.com/term/gf_value/RNG/GF-Value;491.09
https://www.gurufocus.com/term/gf_value/RNR/GF-Value;256.02
https://www.gurufocus.com/term/gf_value/ROCK/GF-Value;95.65
https://www.gurufocus.com/term/gf_value/ROG/GF-Value;192.21
https://www.gurufocus.com/term/gf_value/ROK/GF-Value;280.99
https://www.gurufocus.com/term/gf_value/ROKU/GF-Value;515.14
https://www.gurufocus.com/term/gf_value/ROL/GF-Value;40.81
https://www.gurufocus.com/term/gf_value/ROLL/GF-Value;118.25
https://www.gurufocus.com/term/gf_value/ROP/GF-Value;448.81
https://www.gurufocus.com/term/gf_value/ROST/GF-Value;150.73
https://www.gurufocus.com/term/gf_value/RPD/GF-Value;129.7
https://www.gurufocus.com/term/gf_value/RPM/GF-Value;104.01
https://www.gurufocus.com/term/gf_value/RRBI/GF-Value;87.6
https://www.gurufocus.com/term/gf_value/RRC/GF-Value;10.3
https://www.gurufocus.com/term/gf_value/RRGB/GF-Value;25.23
https://www.gurufocus.com/term/gf_value/RRR/GF-Value;19.03
https://www.gurufocus.com/term/gf_value/RRX/GF-Value;140.69
https://www.gurufocus.com/term/gf_value/RS/GF-Value;131.6
https://www.gurufocus.com/term/gf_value/RSG/GF-Value;110.35
https://www.gurufocus.com/term/gf_value/RSKD/GF-Value;0
https://www.gurufocus.com/term/gf_value/RTX/GF-Value;89.16
https://www.gurufocus.com/term/gf_value/RUN/GF-Value;26.37
https://www.gurufocus.com/term/gf_value/RVLV/GF-Value;0
https://www.gurufocus.com/term/gf_value/RXRX/GF-Value;0
https://www.gurufocus.com/term/gf_value/RY/GF-Value;107.66
https://www.gurufocus.com/term/gf_value/RYN/GF-Value;29.05
https://www.gurufocus.com/term/gf_value/RYTM/GF-Value;0
https://www.gurufocus.com/term/gf_value/S/GF-Value;0
https://www.gurufocus.com/term/gf_value/SAFM/GF-Value;188.65
https://www.gurufocus.com/term/gf_value/SAGE/GF-Value;1257.34
https://www.gurufocus.com/term/gf_value/SAIA/GF-Value;155.55
https://www.gurufocus.com/term/gf_value/SAIC/GF-Value;113.45
https://www.gurufocus.com/term/gf_value/SAIL/GF-Value;63.3
https://www.gurufocus.com/term/gf_value/SAM/GF-Value;936.9
https://www.gurufocus.com/term/gf_value/SAP/GF-Value;142.29
https://www.gurufocus.com/term/gf_value/SATS/GF-Value;43.42
https://www.gurufocus.com/term/gf_value/SAVA/GF-Value;0
https://www.gurufocus.com/term/gf_value/SAVE/GF-Value;46.97
https://www.gurufocus.com/term/gf_value/SBAC/GF-Value;352.58
https://www.gurufocus.com/term/gf_value/SBCF/GF-Value;34.4
https://www.gurufocus.com/term/gf_value/SBGI/GF-Value;38.84
https://www.gurufocus.com/term/gf_value/SBH/GF-Value;17.36
https://www.gurufocus.com/term/gf_value/SBRA/GF-Value;10.44
https://www.gurufocus.com/term/gf_value/SBUX/GF-Value;136.04
https://www.gurufocus.com/term/gf_value/SCCO/GF-Value;47.96
https://www.gurufocus.com/term/gf_value/SCHW/GF-Value;68.83
https://www.gurufocus.com/term/gf_value/SCI/GF-Value;58.78
https://www.gurufocus.com/term/gf_value/SCL/GF-Value;131.41
https://www.gurufocus.com/term/gf_value/SCSC/GF-Value;31.78
https://www.gurufocus.com/term/gf_value/SDGR/GF-Value;0
https://www.gurufocus.com/term/gf_value/SEDG/GF-Value;253.86
https://www.gurufocus.com/term/gf_value/SEE/GF-Value;54.76
https://www.gurufocus.com/term/gf_value/SEIC/GF-Value;75.45
https://www.gurufocus.com/term/gf_value/SF/GF-Value;67.81
https://www.gurufocus.com/term/gf_value/SFIX/GF-Value;48.61
https://www.gurufocus.com/term/gf_value/SFM/GF-Value;26
https://www.gurufocus.com/term/gf_value/SGEN/GF-Value;445.36
https://www.gurufocus.com/term/gf_value/SHAK/GF-Value;130.51
https://www.gurufocus.com/term/gf_value/SHEN/GF-Value;51.4
https://www.gurufocus.com/term/gf_value/SHI/GF-Value;20.34
https://www.gurufocus.com/term/gf_value/SHLS/GF-Value;0
https://www.gurufocus.com/term/gf_value/SHOO/GF-Value;43.82
https://www.gurufocus.com/term/gf_value/SHOP/GF-Value;2670.23
https://www.gurufocus.com/term/gf_value/SHW/GF-Value;257.11
https://www.gurufocus.com/term/gf_value/SI/GF-Value;0
https://www.gurufocus.com/term/gf_value/SIG/GF-Value;29.8
https://www.gurufocus.com/term/gf_value/SIGI/GF-Value;95.99
https://www.gurufocus.com/term/gf_value/SITE/GF-Value;151.16
https://www.gurufocus.com/term/gf_value/SIVB/GF-Value;614.19
https://www.gurufocus.com/term/gf_value/SJI/GF-Value;27.55
https://www.gurufocus.com/term/gf_value/SJM/GF-Value;120.91
https://www.gurufocus.com/term/gf_value/SJW/GF-Value;72.85
https://www.gurufocus.com/term/gf_value/SKIN/GF-Value;0
https://www.gurufocus.com/term/gf_value/SKLZ/GF-Value;0
https://www.gurufocus.com/term/gf_value/SKM/GF-Value;33.22
https://www.gurufocus.com/term/gf_value/SKX/GF-Value;57.48
https://www.gurufocus.com/term/gf_value/SKY/GF-Value;46.38
https://www.gurufocus.com/term/gf_value/SLAB/GF-Value;111.16
https://www.gurufocus.com/term/gf_value/SLB/GF-Value;31.37
https://www.gurufocus.com/term/gf_value/SLDB/GF-Value;0
https://www.gurufocus.com/term/gf_value/SLG/GF-Value;73.03
https://www.gurufocus.com/term/gf_value/SLGN/GF-Value;43.15
https://www.gurufocus.com/term/gf_value/SLP/GF-Value;50.34
https://www.gurufocus.com/term/gf_value/SLQT/GF-Value;0
https://www.gurufocus.com/term/gf_value/SLVM/GF-Value;0
https://www.gurufocus.com/term/gf_value/SMAR/GF-Value;153.37
https://www.gurufocus.com/term/gf_value/SMG/GF-Value;193.42
https://www.gurufocus.com/term/gf_value/SMPL/GF-Value;48.53
https://www.gurufocus.com/term/gf_value/SMTC/GF-Value;86.63
https://www.gurufocus.com/term/gf_value/SNA/GF-Value;193.08
https://www.gurufocus.com/term/gf_value/SNAP/GF-Value;108.51
https://www.gurufocus.com/term/gf_value/SNBR/GF-Value;101.76
https://www.gurufocus.com/term/gf_value/SNOW/GF-Value;0
https://www.gurufocus.com/term/gf_value/SNPS/GF-Value;315.7
https://www.gurufocus.com/term/gf_value/SNX/GF-Value;172.12
https://www.gurufocus.com/term/gf_value/SNY/GF-Value;54.01
https://www.gurufocus.com/term/gf_value/SO/GF-Value;65.16
https://www.gurufocus.com/term/gf_value/SOFI/GF-Value;0
https://www.gurufocus.com/term/gf_value/SOHU/GF-Value;3.66
https://www.gurufocus.com/term/gf_value/SON/GF-Value;76.52
https://www.gurufocus.com/term/gf_value/SONO/GF-Value;13.79
https://www.gurufocus.com/term/gf_value/SONY/GF-Value;90.75
https://www.gurufocus.com/term/gf_value/SP/GF-Value;19.22
https://www.gurufocus.com/term/gf_value/SPB/GF-Value;80.84
https://www.gurufocus.com/term/gf_value/SPBE/GF-Value;0
https://www.gurufocus.com/term/gf_value/SPCE/GF-Value;130.11
https://www.gurufocus.com/term/gf_value/SPG/GF-Value;122.28
https://www.gurufocus.com/term/gf_value/SPGI/GF-Value;415.16
https://www.gurufocus.com/term/gf_value/SPLK/GF-Value;252.81
https://www.gurufocus.com/term/gf_value/SPOT/GF-Value;395.23
https://www.gurufocus.com/term/gf_value/SPR/GF-Value;67.77
https://www.gurufocus.com/term/gf_value/SPSC/GF-Value;107.26
https://www.gurufocus.com/term/gf_value/SPT/GF-Value;0
https://www.gurufocus.com/term/gf_value/SQ/GF-Value;301.9
https://www.gurufocus.com/term/gf_value/SQSP/GF-Value;0
https://www.gurufocus.com/term/gf_value/SR/GF-Value;87.18
https://www.gurufocus.com/term/gf_value/SRC/GF-Value;51.39
https://www.gurufocus.com/term/gf_value/SRCL/GF-Value;52.42
https://www.gurufocus.com/term/gf_value/SRDX/GF-Value;46.61
https://www.gurufocus.com/term/gf_value/SRE/GF-Value;143.89
https://www.gurufocus.com/term/gf_value/SRI/GF-Value;27.09
https://www.gurufocus.com/term/gf_value/SRPT/GF-Value;593.87
https://www.gurufocus.com/term/gf_value/SSB/GF-Value;90.07
https://www.gurufocus.com/term/gf_value/SSD/GF-Value;178.24
https://www.gurufocus.com/term/gf_value/SSNC/GF-Value;75.3
https://www.gurufocus.com/term/gf_value/SSTK/GF-Value;59.99
https://www.gurufocus.com/term/gf_value/STAA/GF-Value;124.9
https://www.gurufocus.com/term/gf_value/STAG/GF-Value;30.85
https://www.gurufocus.com/term/gf_value/STE/GF-Value;223.31
https://www.gurufocus.com/term/gf_value/STEM/GF-Value;0
https://www.gurufocus.com/term/gf_value/STLA/GF-Value;10.95
https://www.gurufocus.com/term/gf_value/STLD/GF-Value;46.37
https://www.gurufocus.com/term/gf_value/STMP/GF-Value;0
https://www.gurufocus.com/term/gf_value/STRA/GF-Value;135.64
https://www.gurufocus.com/term/gf_value/STT/GF-Value;97.01
https://www.gurufocus.com/term/gf_value/STX/GF-Value;79.32
https://www.gurufocus.com/term/gf_value/STZ/GF-Value;250.87
https://www.gurufocus.com/term/gf_value/SUPN/GF-Value;69.39
https://www.gurufocus.com/term/gf_value/SWAV/GF-Value;707
https://www.gurufocus.com/term/gf_value/SWBI/GF-Value;41.61
https://www.gurufocus.com/term/gf_value/SWCH/GF-Value;25.43
https://www.gurufocus.com/term/gf_value/SWI/GF-Value;15.19
https://www.gurufocus.com/term/gf_value/SWK/GF-Value;225.97
https://www.gurufocus.com/term/gf_value/SWKS/GF-Value;231.44
https://www.gurufocus.com/term/gf_value/SWN/GF-Value;4.54
https://www.gurufocus.com/term/gf_value/SWX/GF-Value;34.22
https://www.gurufocus.com/term/gf_value/SXI/GF-Value;92.21
https://www.gurufocus.com/term/gf_value/SXT/GF-Value;70.08
https://www.gurufocus.com/term/gf_value/SYF/GF-Value;30.82
https://www.gurufocus.com/term/gf_value/SYK/GF-Value;291.84
https://www.gurufocus.com/term/gf_value/SYKE/GF-Value;38.42
https://www.gurufocus.com/term/gf_value/SYNA/GF-Value;84.44
https://www.gurufocus.com/term/gf_value/SYNH/GF-Value;80.02
https://www.gurufocus.com/term/gf_value/SYY/GF-Value;91.53
https://www.gurufocus.com/term/gf_value/T/GF-Value;25.99
https://www.gurufocus.com/term/gf_value/TAK/GF-Value;15.83
https://www.gurufocus.com/term/gf_value/TAL/GF-Value;15.34
https://www.gurufocus.com/term/gf_value/TAP/GF-Value;53.55
https://www.gurufocus.com/term/gf_value/TASK/GF-Value;0
https://www.gurufocus.com/term/gf_value/TCBI/GF-Value;60.31
https://www.gurufocus.com/term/gf_value/TCMD/GF-Value;68.43
https://www.gurufocus.com/term/gf_value/TCRR/GF-Value;0
https://www.gurufocus.com/term/gf_value/TCS/GF-Value;9.4
https://www.gurufocus.com/term/gf_value/TCX/GF-Value;63.55
https://www.gurufocus.com/term/gf_value/TDC/GF-Value;34.45
https://www.gurufocus.com/term/gf_value/TDG/GF-Value;674.07
https://www.gurufocus.com/term/gf_value/TDOC/GF-Value;296.55
https://www.gurufocus.com/term/gf_value/TDS/GF-Value;23.91
https://www.gurufocus.com/term/gf_value/TDY/GF-Value;454.93
https://www.gurufocus.com/term/gf_value/TEL/GF-Value;134.66
https://www.gurufocus.com/term/gf_value/TENB/GF-Value;75.95
https://www.gurufocus.com/term/gf_value/TER/GF-Value;132.46
https://www.gurufocus.com/term/gf_value/TFC/GF-Value;59.15
https://www.gurufocus.com/term/gf_value/TFX/GF-Value;462.98
https://www.gurufocus.com/term/gf_value/TGNA/GF-Value;21.18
https://www.gurufocus.com/term/gf_value/TGT/GF-Value;194.37
https://www.gurufocus.com/term/gf_value/TGTX/GF-Value;0
https://www.gurufocus.com/term/gf_value/THG/GF-Value;166.78
https://www.gurufocus.com/term/gf_value/THO/GF-Value;193.72
https://www.gurufocus.com/term/gf_value/THRM/GF-Value;60.57
https://www.gurufocus.com/term/gf_value/THS/GF-Value;48.83
https://www.gurufocus.com/term/gf_value/TJX/GF-Value;81.97
https://www.gurufocus.com/term/gf_value/TKR/GF-Value;73.91
https://www.gurufocus.com/term/gf_value/TM/GF-Value;149.28
https://www.gurufocus.com/term/gf_value/TMHC/GF-Value;43.82
https://www.gurufocus.com/term/gf_value/TMO/GF-Value;589.9
https://www.gurufocus.com/term/gf_value/TMUS/GF-Value;136.16
https://www.gurufocus.com/term/gf_value/TMX/GF-Value;60.04
https://www.gurufocus.com/term/gf_value/TNC/GF-Value;70.75
https://www.gurufocus.com/term/gf_value/TNDM/GF-Value;187.78
https://www.gurufocus.com/term/gf_value/TNET/GF-Value;23.46
https://www.gurufocus.com/term/gf_value/TNL/GF-Value;46.26
https://www.gurufocus.com/term/gf_value/TOL/GF-Value;79.61
https://www.gurufocus.com/term/gf_value/TOST/GF-Value;0
https://www.gurufocus.com/term/gf_value/TPH/GF-Value;26.79
https://www.gurufocus.com/term/gf_value/TPIC/GF-Value;43.62
https://www.gurufocus.com/term/gf_value/TPR/GF-Value;36.91
https://www.gurufocus.com/term/gf_value/TPTX/GF-Value;0
https://www.gurufocus.com/term/gf_value/TPX/GF-Value;43.94
https://www.gurufocus.com/term/gf_value/TREE/GF-Value;430.87
https://www.gurufocus.com/term/gf_value/TREX/GF-Value;115.9
https://www.gurufocus.com/term/gf_value/TRHC/GF-Value;59.2
https://www.gurufocus.com/term/gf_value/TRI/GF-Value;86.29
https://www.gurufocus.com/term/gf_value/TRIP/GF-Value;47.31
https://www.gurufocus.com/term/gf_value/TRIT/GF-Value;0
https://www.gurufocus.com/term/gf_value/TRMB/GF-Value;52.99
https://www.gurufocus.com/term/gf_value/TRNO/GF-Value;68.07
https://www.gurufocus.com/term/gf_value/TROW/GF-Value;201.15
https://www.gurufocus.com/term/gf_value/TRU/GF-Value;123.2
https://www.gurufocus.com/term/gf_value/TRUP/GF-Value;109.51
https://www.gurufocus.com/term/gf_value/TRV/GF-Value;174.52
https://www.gurufocus.com/term/gf_value/TSCO/GF-Value;187.67
https://www.gurufocus.com/term/gf_value/TSLA/GF-Value;491.86
https://www.gurufocus.com/term/gf_value/TSM/GF-Value;133.84
https://www.gurufocus.com/term/gf_value/TSN/GF-Value;83.69
https://www.gurufocus.com/term/gf_value/TSP/GF-Value;0
https://www.gurufocus.com/term/gf_value/TSVT/GF-Value;0
https://www.gurufocus.com/term/gf_value/TT/GF-Value;150.6
https://www.gurufocus.com/term/gf_value/TTC/GF-Value;178.9
https://www.gurufocus.com/term/gf_value/TTCF/GF-Value;0
https://www.gurufocus.com/term/gf_value/TTD/GF-Value;93.07
https://www.gurufocus.com/term/gf_value/TTE/GF-Value;42.93
https://www.gurufocus.com/term/gf_value/TTEK/GF-Value;75.19
https://www.gurufocus.com/term/gf_value/TTM/GF-Value;13.62
https://www.gurufocus.com/term/gf_value/TTMI/GF-Value;13.41
https://www.gurufocus.com/term/gf_value/TTWO/GF-Value;233.42
https://www.gurufocus.com/term/gf_value/TW/GF-Value;73.75
https://www.gurufocus.com/term/gf_value/TWLO/GF-Value;544.26
https://www.gurufocus.com/term/gf_value/TWNK/GF-Value;13.78
https://www.gurufocus.com/term/gf_value/TWOU/GF-Value;51.92
https://www.gurufocus.com/term/gf_value/TWTR/GF-Value;98.05
https://www.gurufocus.com/term/gf_value/TXG/GF-Value;0
https://www.gurufocus.com/term/gf_value/TXN/GF-Value;178.64
https://www.gurufocus.com/term/gf_value/TXRH/GF-Value;107.15
https://www.gurufocus.com/term/gf_value/TXT/GF-Value;54.07
https://www.gurufocus.com/term/gf_value/TYL/GF-Value;532.35
https://www.gurufocus.com/term/gf_value/U/GF-Value;0
https://www.gurufocus.com/term/gf_value/UA/GF-Value;22.77
https://www.gurufocus.com/term/gf_value/UAA/GF-Value;26.23
https://www.gurufocus.com/term/gf_value/UAL/GF-Value;81.69
https://www.gurufocus.com/term/gf_value/UBER/GF-Value;105.46
https://www.gurufocus.com/term/gf_value/UBS/GF-Value;16.08
https://www.gurufocus.com/term/gf_value/UBSI/GF-Value;35.22
https://www.gurufocus.com/term/gf_value/UCTT/GF-Value;49
https://www.gurufocus.com/term/gf_value/UDR/GF-Value;57.15
https://www.gurufocus.com/term/gf_value/UFPI/GF-Value;83.72
https://www.gurufocus.com/term/gf_value/UGI/GF-Value;43
https://www.gurufocus.com/term/gf_value/UHS/GF-Value;172.51
https://www.gurufocus.com/term/gf_value/UI/GF-Value;263.54
https://www.gurufocus.com/term/gf_value/ULTA/GF-Value;515
https://www.gurufocus.com/term/gf_value/UMBF/GF-Value;137.75
https://www.gurufocus.com/term/gf_value/UNF/GF-Value;239.07
https://www.gurufocus.com/term/gf_value/UNH/GF-Value;431.41
https://www.gurufocus.com/term/gf_value/UNM/GF-Value;26.73
https://www.gurufocus.com/term/gf_value/UNP/GF-Value;217.27
https://www.gurufocus.com/term/gf_value/UNVR/GF-Value;20.94
https://www.gurufocus.com/term/gf_value/UPS/GF-Value;168.68
https://www.gurufocus.com/term/gf_value/UPST/GF-Value;0
https://www.gurufocus.com/term/gf_value/UPWK/GF-Value;49.1
https://www.gurufocus.com/term/gf_value/URBN/GF-Value;35.5
https://www.gurufocus.com/term/gf_value/URI/GF-Value;206.47
https://www.gurufocus.com/term/gf_value/USB/GF-Value;65.82
https://www.gurufocus.com/term/gf_value/USFD/GF-Value;46.46
https://www.gurufocus.com/term/gf_value/USM/GF-Value;37.32
https://www.gurufocus.com/term/gf_value/USNA/GF-Value;137.39
https://www.gurufocus.com/term/gf_value/USPH/GF-Value;141.15
https://www.gurufocus.com/term/gf_value/UTHR/GF-Value;173.12
https://www.gurufocus.com/term/gf_value/UTL/GF-Value;57.12
https://www.gurufocus.com/term/gf_value/V/GF-Value;318.2
https://www.gurufocus.com/term/gf_value/VAC/GF-Value;139.68
https://www.gurufocus.com/term/gf_value/VALE/GF-Value;15.13
https://www.gurufocus.com/term/gf_value/VC/GF-Value;120.54
https://www.gurufocus.com/term/gf_value/VCEL/GF-Value;88.55
https://www.gurufocus.com/term/gf_value/VCRA/GF-Value;40.8
https://www.gurufocus.com/term/gf_value/VCYT/GF-Value;32.95
https://www.gurufocus.com/term/gf_value/VEC/GF-Value;69.16
https://www.gurufocus.com/term/gf_value/VEEV/GF-Value;454.7
https://www.gurufocus.com/term/gf_value/VEON/GF-Value;1.54
https://www.gurufocus.com/term/gf_value/VFC/GF-Value;108.09
https://www.gurufocus.com/term/gf_value/VG/GF-Value;15.59
https://www.gurufocus.com/term/gf_value/VIAC/GF-Value;32.07
https://www.gurufocus.com/term/gf_value/VICR/GF-Value;89.84
https://www.gurufocus.com/term/gf_value/VIPS/GF-Value;21.92
https://www.gurufocus.com/term/gf_value/VIR/GF-Value;0
https://www.gurufocus.com/term/gf_value/VIRT/GF-Value;16.24
https://www.gurufocus.com/term/gf_value/VLDR/GF-Value;0
https://www.gurufocus.com/term/gf_value/VLO/GF-Value;107.94
https://www.gurufocus.com/term/gf_value/VMC/GF-Value;202.93
https://www.gurufocus.com/term/gf_value/VMEO/GF-Value;0
https://www.gurufocus.com/term/gf_value/VMI/GF-Value;201.1
https://www.gurufocus.com/term/gf_value/VMW/GF-Value;200.98
https://www.gurufocus.com/term/gf_value/VNDA/GF-Value;17.03
https://www.gurufocus.com/term/gf_value/VNE/GF-Value;26.74
https://www.gurufocus.com/term/gf_value/VNO/GF-Value;49.98
https://www.gurufocus.com/term/gf_value/VNT/GF-Value;0
https://www.gurufocus.com/term/gf_value/VOYA/GF-Value;64.99
https://www.gurufocus.com/term/gf_value/VPG/GF-Value;37.37
https://www.gurufocus.com/term/gf_value/VREX/GF-Value;27.45
https://www.gurufocus.com/term/gf_value/VRNS/GF-Value;55.68
https://www.gurufocus.com/term/gf_value/VRNT/GF-Value;27.55
https://www.gurufocus.com/term/gf_value/VRSK/GF-Value;217.94
https://www.gurufocus.com/term/gf_value/VRSN/GF-Value;248.03
https://www.gurufocus.com/term/gf_value/VRT/GF-Value;0
https://www.gurufocus.com/term/gf_value/VRTS/GF-Value;292.73
https://www.gurufocus.com/term/gf_value/VRTV/GF-Value;11.34
https://www.gurufocus.com/term/gf_value/VRTX/GF-Value;508.17
https://www.gurufocus.com/term/gf_value/VSAT/GF-Value;71.59
https://www.gurufocus.com/term/gf_value/VSCO/GF-Value;0
https://www.gurufocus.com/term/gf_value/VSTO/GF-Value;17.04
https://www.gurufocus.com/term/gf_value/VTR/GF-Value;67.73
https://www.gurufocus.com/term/gf_value/VTRS/GF-Value;11.44
https://www.gurufocus.com/term/gf_value/VUZI/GF-Value;10.68
https://www.gurufocus.com/term/gf_value/VVV/GF-Value;37.5
https://www.gurufocus.com/term/gf_value/VXRT/GF-Value;60.15
https://www.gurufocus.com/term/gf_value/VZ/GF-Value;60.56
https://www.gurufocus.com/term/gf_value/VZIO/GF-Value;0
https://www.gurufocus.com/term/gf_value/W/GF-Value;388.06
https://www.gurufocus.com/term/gf_value/WAB/GF-Value;74.76
https://www.gurufocus.com/term/gf_value/WABC/GF-Value;68.93
https://www.gurufocus.com/term/gf_value/WAFD/GF-Value;52.61
https://www.gurufocus.com/term/gf_value/WAL/GF-Value;135.41
https://www.gurufocus.com/term/gf_value/WAT/GF-Value;330.76
https://www.gurufocus.com/term/gf_value/WB/GF-Value;65.87
https://www.gurufocus.com/term/gf_value/WBA/GF-Value;56.04
https://www.gurufocus.com/term/gf_value/WBS/GF-Value;101.96
https://www.gurufocus.com/term/gf_value/WCC/GF-Value;112.77
https://www.gurufocus.com/term/gf_value/WDAY/GF-Value;370.91
https://www.gurufocus.com/term/gf_value/WDC/GF-Value;57.22
https://www.gurufocus.com/term/gf_value/WDFC/GF-Value;296.86
https://www.gurufocus.com/term/gf_value/WEC/GF-Value;104.34
https://www.gurufocus.com/term/gf_value/WELL/GF-Value;85.12
https://www.gurufocus.com/term/gf_value/WERN/GF-Value;47.44
https://www.gurufocus.com/term/gf_value/WEX/GF-Value;264.29
https://www.gurufocus.com/term/gf_value/WFC/GF-Value;47.24
https://www.gurufocus.com/term/gf_value/WGO/GF-Value;99.88
https://www.gurufocus.com/term/gf_value/WH/GF-Value;56.99
https://www.gurufocus.com/term/gf_value/WHD/GF-Value;15.96
https://www.gurufocus.com/term/gf_value/WHR/GF-Value;160.84
https://www.gurufocus.com/term/gf_value/WING/GF-Value;232.54
https://www.gurufocus.com/term/gf_value/WIRE/GF-Value;117.46
https://www.gurufocus.com/term/gf_value/WISH/GF-Value;0
https://www.gurufocus.com/term/gf_value/WIX/GF-Value;485.81
https://www.gurufocus.com/term/gf_value/WK/GF-Value;121.58
https://www.gurufocus.com/term/gf_value/WKHS/GF-Value;1045.47
https://www.gurufocus.com/term/gf_value/WLK/GF-Value;109.07
https://www.gurufocus.com/term/gf_value/WLTW/GF-Value;0
https://www.gurufocus.com/term/gf_value/WM/GF-Value;150.89
https://www.gurufocus.com/term/gf_value/WMB/GF-Value;27.88
https://www.gurufocus.com/term/gf_value/WMT/GF-Value;146.29
https://www.gurufocus.com/term/gf_value/WOLF/GF-Value;146.96
https://www.gurufocus.com/term/gf_value/WOR/GF-Value;34.95
https://www.gurufocus.com/term/gf_value/WPC/GF-Value;61.18
https://www.gurufocus.com/term/gf_value/WRB/GF-Value;99.84
https://www.gurufocus.com/term/gf_value/WRBY/GF-Value;0
https://www.gurufocus.com/term/gf_value/WRK/GF-Value;44.25
https://www.gurufocus.com/term/gf_value/WRLD/GF-Value;169
https://www.gurufocus.com/term/gf_value/WSC/GF-Value;16.39
https://www.gurufocus.com/term/gf_value/WSM/GF-Value;138.87
https://www.gurufocus.com/term/gf_value/WSO/GF-Value;238.05
https://www.gurufocus.com/term/gf_value/WST/GF-Value;321.64
https://www.gurufocus.com/term/gf_value/WTFC/GF-Value;88.56
https://www.gurufocus.com/term/gf_value/WTRG/GF-Value;65
https://www.gurufocus.com/term/gf_value/WTS/GF-Value;124.24
https://www.gurufocus.com/term/gf_value/WTTR/GF-Value;9.39
https://www.gurufocus.com/term/gf_value/WU/GF-Value;23.41
https://www.gurufocus.com/term/gf_value/WW/GF-Value;26.94
https://www.gurufocus.com/term/gf_value/WWD/GF-Value;107.89
https://www.gurufocus.com/term/gf_value/WWE/GF-Value;71.16
https://www.gurufocus.com/term/gf_value/WWW/GF-Value;44.35
https://www.gurufocus.com/term/gf_value/WY/GF-Value;34.33
https://www.gurufocus.com/term/gf_value/WYNN/GF-Value;111.75
https://www.gurufocus.com/term/gf_value/XEC/GF-Value;0
https://www.gurufocus.com/term/gf_value/XEL/GF-Value;65.91
https://www.gurufocus.com/term/gf_value/XLNX/GF-Value;144.54
https://www.gurufocus.com/term/gf_value/XLRN/GF-Value;0
https://www.gurufocus.com/term/gf_value/XM/GF-Value;0
https://www.gurufocus.com/term/gf_value/XNCR/GF-Value;86.07
https://www.gurufocus.com/term/gf_value/XOM/GF-Value;93.71
https://www.gurufocus.com/term/gf_value/XP/GF-Value;0
https://www.gurufocus.com/term/gf_value/XPEL/GF-Value;65.08
https://www.gurufocus.com/term/gf_value/XPO/GF-Value;27.67
https://www.gurufocus.com/term/gf_value/XRAY/GF-Value;65.29
https://www.gurufocus.com/term/gf_value/XRX/GF-Value;26.62
https://www.gurufocus.com/term/gf_value/XYL/GF-Value;90.85
https://www.gurufocus.com/term/gf_value/Y/GF-Value;1458.43
https://www.gurufocus.com/term/gf_value/YELP/GF-Value;48.79
https://www.gurufocus.com/term/gf_value/YETI/GF-Value;75.94
https://www.gurufocus.com/term/gf_value/YEXT/GF-Value;21.97
https://www.gurufocus.com/term/gf_value/YNDX/GF-Value;152.6
https://www.gurufocus.com/term/gf_value/YUM/GF-Value;146.01
https://www.gurufocus.com/term/gf_value/YUMC/GF-Value;66.7
https://www.gurufocus.com/term/gf_value/YY/GF-Value;12.09
https://www.gurufocus.com/term/gf_value/Z/GF-Value;64.81
https://www.gurufocus.com/term/gf_value/ZBH/GF-Value;1572.71
https://www.gurufocus.com/term/gf_value/ZBRA/GF-Value;363.31
https://www.gurufocus.com/term/gf_value/ZD/GF-Value;109.27
https://www.gurufocus.com/term/gf_value/ZEN/GF-Value;222.11
https://www.gurufocus.com/term/gf_value/ZG/GF-Value;65.14
https://www.gurufocus.com/term/gf_value/ZGNX/GF-Value;0
https://www.gurufocus.com/term/gf_value/ZI/GF-Value;0
https://www.gurufocus.com/term/gf_value/ZIM/GF-Value;0
https://www.gurufocus.com/term/gf_value/ZION/GF-Value;59.89
https://www.gurufocus.com/term/gf_value/ZIP/GF-Value;0
https://www.gurufocus.com/term/gf_value/ZM/GF-Value;1018.49
https://www.gurufocus.com/term/gf_value/ZNH/GF-Value;38.73
https://www.gurufocus.com/term/gf_value/ZS/GF-Value;462.36
https://www.gurufocus.com/term/gf_value/ZTS/GF-Value;192.58
https://www.gurufocus.com/term/gf_value/ZUMZ/GF-Value;40
https://www.gurufocus.com/term/gf_value/ZUO/GF-Value;19.72
https://www.gurufocus.com/term/gf_value/ZWS/GF-Value;7.82
https://www.gurufocus.com/term/gf_value/ZY/GF-Value;0
https://www.gurufocus.com/term/gf_value/ZYNE/GF-Value;0
https://www.gurufocus.com/term/gf_value/ZYXI/GF-Value;36.82
https://www.gurufocus.com/term/gf_value/ALC/GF-Value;73.89
https://www.gurufocus.com/term/gf_value/AMCR/GF-Value;0
https://www.gurufocus.com/term/gf_value/CWEN/GF-Value;28.66
https://www.gurufocus.com/term/gf_value/DUOL/GF-Value;0
https://www.gurufocus.com/term/gf_value/ESTC/GF-Value;280.47
https://www.gurufocus.com/term/gf_value/FSR/GF-Value;0
https://www.gurufocus.com/term/gf_value/FVRR/GF-Value;0
https://www.gurufocus.com/term/gf_value/GPRO/GF-Value;5.99
https://www.gurufocus.com/term/gf_value/LAC/GF-Value;0
https://www.gurufocus.com/term/gf_value/LCID/GF-Value;0
https://www.gurufocus.com/term/gf_value/PBA/GF-Value;39.09
https://www.gurufocus.com/term/gf_value/PUBM/GF-Value;0
https://www.gurufocus.com/term/gf_value/RKLB/GF-Value;0
https://www.gurufocus.com/term/gf_value/SGMO/GF-Value;14.7
https://www.gurufocus.com/term/gf_value/TPG/GF-Value;0
https://www.gurufocus.com/term/gf_value/TWST/GF-Value;115.24
https://www.gurufocus.com/term/gf_value/WTW/GF-Value;228.75
